Pilot Startuptime:34.8227009773CU,Name,New,StageIn,Allocate,Exec,StageOut,Done,Read,Exec,Write
unit.000000,Mapper-0-1,N/A,26.4460468292,N/A,26.511204958,551.046408892,551.057761908,0.036341,240.166846,0.0049
unit.000001,Mapper-0-2,N/A,5.97776889801,N/A,6.74435687065,483.437034845,483.448036909,0.024353,239.71965,0.004546
unit.000002,Mapper-0-3,N/A,5.98890995979,N/A,6.74815797806,537.102097988,537.112790823,0.02416,249.018142,0.004585
unit.000003,Mapper-0-4,N/A,6.02663683891,N/A,6.75576782227,495.654466867,495.666738987,0.024939,242.586023,0.004811
unit.000004,Mapper-0-5,N/A,6.05247592926,N/A,6.76336193085,453.651176929,453.662660837,0.024745,218.669595,0.005012
unit.000005,Mapper-0-6,N/A,6.08615398407,N/A,6.77095293999,469.06979394,469.081470013,0.024751,233.308008,0.004494
unit.000006,Mapper-0-7,N/A,6.13815188408,N/A,6.79717588425,456.72209096,456.734382868,0.040801,226.306752,0.004996
unit.000007,Mapper-0-8,N/A,6.36494398117,N/A,6.85092401505,565.349047899,565.361069918,0.035952,258.748399,0.00461
unit.000008,Mapper-0-9,N/A,28.2455658913,N/A,28.2719478607,526.617178917,526.63013792,0.012518,233.849837,0.004707
unit.000009,Mapper-0-10,N/A,6.85838890076,N/A,6.90007805824,559.19301486,559.20436883,0.022014,256.442418,0.004634
unit.000010,Mapper-0-11,N/A,6.10469698906,N/A,6.77475786209,508.918112993,508.929824829,0.02275,244.974149,0.004934
unit.000011,Mapper-0-12,N/A,5.90610194206,N/A,6.73627495766,554.105294943,554.117185831,0.024432,254.980466,0.005149
unit.000012,Mapper-0-13,N/A,5.61788702011,N/A,6.12700605392,273.960260868,273.9772439,0.03302,188.628172,0.005306
unit.000013,Mapper-0-14,N/A,7.70327091217,N/A,7.71839189529,517.285037994,517.299736023,0.022045,248.332358,0.004677
unit.000014,Mapper-0-15,N/A,5.65129804611,N/A,6.23092603683,347.726587057,347.738209009,0.032912,189.918071,0.005292
unit.000015,Mapper-0-16,N/A,6.17113399506,N/A,6.80481886864,454.679993868,454.691318989,0.026892,224.049003,0.005098
unit.000016,Mapper-0-17,N/A,6.2010538578,N/A,6.81243300438,564.307373047,564.348355055,0.024795,257.553616,0.004819
unit.000017,Mapper-0-18,N/A,6.23821091652,N/A,6.8200609684,529.739187956,535.045135021,0.024231,248.221896,0.005301
unit.000018,Mapper-0-19,N/A,6.26789402962,N/A,6.82767605782,520.364872932,520.375880003,0.020585,246.826469,0.004566
unit.000019,Mapper-0-20,N/A,24.9448649883,N/A,24.9775729179,485.46914196,485.480830908,0.018289,228.621092,0.005534
unit.000020,Mapper-0-21,N/A,6.29813194275,N/A,6.83527994156,542.593600988,542.604945898,0.039101,251.334817,0.005306
unit.000021,Mapper-0-22,N/A,5.80445289612,N/A,6.71338891983,477.316757917,477.329247952,0.024342,240.111227,0.004834
unit.000022,Mapper-0-23,N/A,5.85284805298,N/A,6.72482204437,505.854169846,505.868927956,0.024191,246.186546,0.005074
unit.000023,Mapper-0-24,N/A,5.77846384048,N/A,6.7046020031,515.233198881,515.248189926,0.024309,247.026284,0.004488
unit.000024,Mapper-0-25,N/A,6.42258095741,N/A,6.87725090981,462.820600033,462.831730843,0.020497,233.656056,0.004968
unit.000025,Mapper-0-26,N/A,6.43365693092,N/A,6.88104987144,511.97140789,512.189053059,0.020603,246.750362,0.004798
unit.000026,Mapper-0-27,N/A,6.65601682663,N/A,6.88865685463,460.813313007,460.824075937,0.020672,229.13654,0.005596
unit.000027,Mapper-0-28,N/A,6.78216195107,N/A,6.89626502991,510.942394972,510.954964876,0.020289,246.251373,0.004263
unit.000028,Mapper-0-29,N/A,7.40594482422,N/A,7.425770998,524.573021889,524.58474493,0.023032,249.721923,0.004872
unit.000029,Mapper-0-30,N/A,9.04683899879,N/A,9.0623819828,449.560449839,449.573371887,0.021947,215.140722,0.005303
unit.000030,Mapper-0-31,N/A,9.34571290016,N/A,9.36107587814,502.800317049,502.811653852,0.021558,244.544788,0.005145
unit.000031,Mapper-0-32,N/A,10.5416269302,N/A,10.5566499233,451.625645876,451.637199879,0.022033,219.338735,0.004934
unit.000032,Mapper-0-33,N/A,10.8397278786,N/A,10.8549818993,560.223507881,560.235805988,0.038811,257.073755,0.004576
unit.000033,Mapper-0-34,N/A,12.482544899,N/A,12.5169858932,538.133002996,538.144800901,0.019913,251.381836,0.005863
unit.000034,Mapper-0-35,N/A,13.6755259037,N/A,13.6949720383,473.17533493,473.188058853,0.025078,238.435372,0.004708
unit.000035,Mapper-0-36,N/A,13.9721188545,N/A,14.0023639202,537.061647892,537.072890997,0.012227,249.164146,0.004924
unit.000036,Mapper-0-37,N/A,15.3214149475,N/A,15.3474040031,539.202142954,539.51015687,0.007401,249.167738,0.004616
unit.000037,Mapper-0-38,N/A,15.6228749752,N/A,15.6423499584,471.103127003,471.133687019,0.007603,236.050453,0.005108
unit.000038,Mapper-0-39,N/A,16.9760529995,N/A,17.0622448921,550.017364025,550.028770924,0.007834,248.976902,0.004672
unit.000039,Mapper-0-40,N/A,18.6274650097,N/A,18.6669528484,479.358145952,479.371602058,0.011539,234.099621,0.004802
unit.000040,Mapper-0-41,N/A,18.7775828838,N/A,18.822480917,541.524024963,541.581207037,0.018058,239.272555,0.004922
unit.000041,Mapper-0-42,N/A,20.1304199696,N/A,20.2245779037,488.531014919,488.542376995,0.018197,229.782124,0.004989
unit.000042,Mapper-0-43,N/A,20.4299948215,N/A,20.4461529255,491.585863829,491.59742403,0.018052,230.2779,0.004567
unit.000043,Mapper-0-44,N/A,21.7846589088,N/A,21.8229558468,537.081928968,537.093117952,0.018052,238.208988,0.004818
unit.000044,Mapper-0-45,N/A,21.9340689182,N/A,21.96875,499.734856844,499.749165058,0.036847,232.157199,0.005039
unit.000045,Mapper-0-46,N/A,23.8393599987,N/A,23.8567638397,566.39646101,566.449048042,0.017946,248.516855,0.005294
unit.000046,Mapper-0-47,N/A,25.0422308445,N/A,25.0589380264,468.048043013,468.059860945,0.018001,220.810781,0.00498
unit.000047,Mapper-0-48,N/A,26.745965004,N/A,26.7706160545,507.886893988,507.898630857,0.011897,231.344815,0.005102
unit.000048,Mapper-0-49,N/A,27.9458880424,N/A,27.9712429047,546.672142029,546.936019897,0.011463,237.574492,0.004939
unit.000049,Mapper-0-50,N/A,29.6002469063,N/A,29.6704199314,556.135911942,556.148071051,0.026914,238.689306,0.00455
unit.000050,Mapper-0-51,N/A,29.7492418289,N/A,29.7752480507,482.416913033,482.428355932,0.044175,222.703833,0.00504
unit.000051,Mapper-0-52,N/A,5.44578003883,N/A,5.48347783089,446.406694889,446.423890829,0.034196,197.207481,0.005303
unit.000052,Mapper-0-53,N/A,5.45322585106,N/A,5.54707789421,187.708719015,187.721217871,0.031337,173.241392,0.005208
unit.000053,Mapper-0-54,N/A,5.46826982498,N/A,5.5957930088,175.186883926,175.209790945,0.03291,159.381951,0.006256
unit.000054,Mapper-0-55,N/A,5.50560593605,N/A,5.70352983475,189.77124691,189.786701918,0.033364,176.130091,0.005153
unit.000055,Mapper-0-56,N/A,5.53562688828,N/A,5.81573390961,386.397450924,386.410038948,0.033115,192.777741,0.005159
unit.000056,Mapper-0-57,N/A,5.56944394112,N/A,5.9257080555,176.268682003,183.646977901,0.033332,160.015456,0.004702
unit.000057,Mapper-0-58,N/A,5.66613698006,N/A,6.27945995331,183.688555002,183.701249838,0.033138,161.178085,0.004692
unit.000058,Mapper-0-59,N/A,5.59940290451,N/A,6.06380295753,217.613988876,217.625571966,0.031837,183.07813,0.005267
unit.000059,Mapper-0-60,N/A,5.68103003502,N/A,6.32809305191,185.663620949,185.675561905,0.031528,161.848141,0.005498
unit.000060,Mapper-0-61,N/A,5.6326649189,N/A,6.17883896828,416.010241032,416.020771027,0.033168,195.310409,0.005253
unit.000061,Mapper-0-62,N/A,5.58440804482,N/A,6.01556992531,248.107307911,248.120998859,0.031177,184.349469,0.005204
unit.000062,Mapper-0-63,N/A,5.72943997383,N/A,6.68570685387,535.063998938,535.080956936,0.024089,249.712583,0.004971
unit.000063,Mapper-0-64,N/A,5.7145678997,N/A,6.44565582275,496.677999973,496.688541889,0.024064,243.303262,0.004899
unit.000064,Mapper-0-65,N/A,5.74083089828,N/A,6.69700098038,513.187077045,513.200700045,0.024076,246.382888,0.004759
unit.000065,Mapper-0-66,N/A,5.75591182709,N/A,6.70080590248,492.611707926,492.623033047,0.024285,243.353893,0.004377
unit.000066,Mapper-0-67,N/A,5.79324197769,N/A,6.70952701569,549.00482893,549.016505003,0.024205,253.407836,0.005281
unit.000067,Mapper-0-68,N/A,6.6411960125,N/A,6.88485693932,503.817672014,503.828860044,0.028653,244.839038,0.00469
unit.000068,Mapper-0-69,N/A,5.84149599075,N/A,6.72101092339,480.37272191,480.386925936,0.02421,240.609489,0.004914
unit.000069,Mapper-0-70,N/A,5.87650203705,N/A,6.7286438942,558.179419994,558.191164017,0.025128,255.720593,0.004733
unit.000070,Mapper-0-71,N/A,5.88763904572,N/A,6.73245096207,544.637744904,544.649967909,0.024259,252.350828,0.00466
unit.000071,Mapper-0-72,N/A,5.95608997345,N/A,6.74048304558,490.559211016,490.574322939,0.024094,242.804712,0.00508
unit.000072,Mapper-0-73,N/A,5.51672101021,N/A,5.76340794563,183.661283016,183.677131891,0.031246,161.004429,0.005143
unit.000073,Mapper-0-74,N/A,6.00421094894,N/A,6.75195884705,525.600358009,525.616108894,0.024384,249.176463,0.004219
unit.000074,Mapper-0-75,N/A,6.03771400452,N/A,6.75956892967,465.919116974,466.007115841,0.023951,234.231459,0.00491
unit.000075,Mapper-0-76,N/A,6.0749130249,N/A,6.76716184616,498.710878849,498.722810984,0.024492,242.400735,0.005281
unit.000076,Mapper-0-77,N/A,6.11942887306,N/A,6.77857303619,448.438014984,448.55643487,0.024492,208.052338,0.005101
unit.000077,Mapper-0-78,N/A,6.15611004829,N/A,6.80100393295,500.762253046,500.774364948,0.023986,243.425728,0.0076
unit.000078,Mapper-0-79,N/A,6.18987393379,N/A,6.80862283707,455.697015047,455.70842886,0.024113,224.780512,0.005275
unit.000079,Mapper-0-80,N/A,6.21950387955,N/A,6.81625699997,544.903257847,544.915513992,0.063105,250.703287,0.004365
unit.000080,Mapper-0-81,N/A,6.24935793877,N/A,6.8238658905,474.188921928,474.205102921,0.020544,237.84523,0.004889
unit.000081,Mapper-0-82,N/A,6.28322792053,N/A,6.83148002625,522.544347048,522.558478832,0.020569,248.5621,0.004313
unit.000082,Mapper-0-83,N/A,5.49078702927,N/A,5.64398002625,313.488765001,313.653108835,0.033336,188.928024,0.00491
unit.000083,Mapper-0-84,N/A,6.31313204765,N/A,6.83908700943,487.500124931,487.514835835,0.038374,240.952041,0.005056
unit.000084,Mapper-0-85,N/A,6.35021591187,N/A,6.84711503983,528.66105485,528.679847956,0.020598,247.70358,0.004784
unit.000085,Mapper-0-86,N/A,6.3798968792,N/A,6.85478687286,450.593056917,450.604430914,0.020568,219.00151,0.005215
unit.000086,Mapper-0-87,N/A,6.40754795074,N/A,6.8734228611,476.29892993,476.311094046,0.021573,239.166958,0.006987
unit.000087,Mapper-0-88,N/A,6.33543992043,N/A,6.84326601028,458.751474857,458.76618886,0.020615,228.958459,0.005353
unit.000088,Mapper-0-89,N/A,6.67441797256,N/A,6.89246082306,459.777307034,459.790686846,0.079119,229.57668,0.005151
unit.000089,Mapper-0-90,N/A,12.1844630241,N/A,12.1995069981,463.867482901,463.878805876,0.021968,234.510828,0.009123
unit.000090,Mapper-0-91,N/A,17.2753100395,N/A,17.3145918846,467.016315937,467.027462006,0.00791,230.381254,0.004768
unit.000091,Mapper-0-92,N/A,23.2871258259,N/A,23.3542590141,516.249634027,516.264204979,0.019145,235.517533,0.005138
unit.000092,Mapper-0-93,N/A,31.1025328636,N/A,31.1182358265,553.075163841,553.087167978,0.012526,236.088984,0.004503
unit.000093,Mapper-0-94,N/A,5.55073189735,N/A,5.86500096321,190.854542017,190.867362022,0.031328,176.315042,0.004583
unit.000094,Mapper-0-95,N/A,5.69215083122,N/A,6.39648389816,519.333461046,519.344589949,0.010916,248.661377,0.004482
unit.000095,Mapper-0-96,N/A,5.82670903206,N/A,6.71720504761,472.137212992,472.149113894,0.007773,239.024422,0.00463
unit.000096,Reducer-0,N/A,575.197877884,N/A,575.450273037,581.854820013,583.208791018,0.726456,0.21176,0.003899
unit.000097,Mapper-1-1,N/A,599.175740957,N/A,599.20499301,858.136340857,858.149152994,0.038109,222.316195,0.005416
unit.000098,Mapper-1-2,N/A,614.736008883,N/A,614.766832829,883.374421835,883.386453867,0.007504,224.096008,0.004952
unit.000099,Mapper-1-3,N/A,592.26276803,N/A,592.277833939,804.039588928,804.056998968,0.0122,162.88998,0.006439
unit.000100,Mapper-1-4,N/A,606.868394852,N/A,606.934706926,880.31960392,880.331259012,0.007476,230.467976,0.00467
unit.000101,Mapper-1-5,N/A,613.98664999,N/A,614.051682949,881.344620943,881.361363888,0.007727,225.17852,0.004981
unit.000102,Mapper-1-6,N/A,642.488584042,N/A,642.579134941,934.491451025,935.802254915,0.013498,215.554001,0.005109
unit.000103,Mapper-1-7,N/A,611.353561878,N/A,611.406491041,898.319973946,898.331624031,0.007717,232.674985,0.004945
unit.000104,Mapper-1-8,N/A,614.770427942,N/A,614.805850983,920.894464016,920.908552885,0.007674,235.118487,0.00495
unit.000105,Mapper-1-9,N/A,592.701222897,N/A,592.71624589,839.414463997,839.427386999,0.007757,185.579417,0.04273
unit.000106,Mapper-1-10,N/A,634.066089869,N/A,634.150826931,958.319185019,958.331053019,0.007415,225.21127,0.005209
unit.000107,Mapper-1-11,N/A,617.442924023,N/A,617.45856905,917.684169054,917.696945906,0.007551,233.117699,0.004798
unit.000108,Mapper-1-12,N/A,622.628283024,N/A,622.643065929,964.798045874,964.810389042,0.007474,240.324327,0.004514
unit.000109,Mapper-1-13,N/A,618.042500973,N/A,618.066442013,903.727191925,903.738948822,0.008879,229.526355,0.004873
unit.000110,Mapper-1-14,N/A,631.305845976,N/A,631.364810944,953.192050934,953.204345942,0.007915,230.0336,0.004923
unit.000111,Mapper-1-15,N/A,612.054275036,N/A,612.11361599,868.350564003,869.843865871,0.007447,218.06962,0.008906
unit.000112,Mapper-1-16,N/A,617.305623055,N/A,617.32175684,907.813297987,907.824928045,0.007606,233.323759,0.004879
unit.000113,Mapper-1-17,N/A,638.745607853,N/A,638.913727045,945.991690874,946.003061056,0.007822,221.785827,0.005257
unit.000114,Mapper-1-18,N/A,615.487273932,N/A,615.503495932,931.41097188,931.423168898,0.007413,240.529407,0.005242
unit.000115,Mapper-1-19,N/A,642.551481009,N/A,642.598844051,982.085403919,982.096339941,0.006368,227.420861,0.004541
unit.000116,Mapper-1-20,N/A,634.123230934,N/A,634.186192989,890.728873014,890.741088867,0.006948,208.077506,0.006005
unit.000117,Mapper-1-21,N/A,638.806619883,N/A,638.959090948,943.437122822,943.453136921,0.006949,221.375,0.004532
unit.000118,Mapper-1-22,N/A,636.525133848,N/A,636.56150198,950.112826824,950.124366999,0.007562,224.564252,0.004771
unit.000119,Mapper-1-23,N/A,598.277578831,N/A,598.346310854,820.406425953,820.427062988,0.010677,157.705587,0.005001
unit.000120,Mapper-1-24,N/A,636.481947899,N/A,636.50169301,968.908855915,968.920703888,0.007545,228.95895,0.005201
unit.000121,Mapper-1-25,N/A,611.287621975,N/A,611.372158051,862.204283953,863.245127916,0.009191,213.041937,0.004863
unit.000122,Mapper-1-26,N/A,610.239660978,N/A,610.323431969,897.303901911,897.318132877,0.023373,231.869926,0.005406
unit.000123,Mapper-1-27,N/A,606.839154959,N/A,606.878888845,908.846333981,909.183061838,0.010449,240.02346,0.004917
unit.000124,Mapper-1-28,N/A,615.635593891,N/A,615.651938915,924.993547916,929.375561953,0.006749,236.66357,0.005195
unit.000125,Mapper-1-29,N/A,623.755344868,N/A,623.820180893,885.646390915,885.659255981,0.006755,214.030242,0.00504
unit.000126,Mapper-1-30,N/A,607.738085985,N/A,607.780004978,876.235342026,876.246876001,0.008565,226.080114,0.005125
unit.000127,Mapper-1-31,N/A,591.206642866,N/A,591.328426838,838.380978823,838.393482924,0.00909,182.997395,0.008653
unit.000128,Mapper-1-32,N/A,634.859897852,N/A,634.89408493,925.015529871,929.374693871,0.006825,219.695895,0.005117
unit.000129,Mapper-1-33,N/A,607.757009029,N/A,607.815548897,902.421347857,902.726781845,0.007137,236.773878,0.004933
unit.000130,Mapper-1-34,N/A,618.198330879,N/A,618.268915892,893.786649942,893.801231861,0.006669,224.191945,0.005322
unit.000131,Mapper-1-35,N/A,640.054870844,N/A,640.087139845,959.352182865,959.364534855,0.008279,222.526599,0.005015
unit.000132,Mapper-1-36,N/A,623.737928867,N/A,623.811090946,947.022903919,947.037443876,0.006771,237.26571,0.004903
unit.000133,Mapper-1-37,N/A,598.334394932,N/A,598.386626959,849.356762886,850.404811859,0.012341,202.631478,0.004909
unit.000134,Mapper-1-38,N/A,624.567005873,N/A,624.638576031,932.444136858,932.456717014,0.007058,232.893617,0.004551
unit.000135,Mapper-1-39,N/A,599.02726388,N/A,599.050204992,845.26483798,845.278799057,0.030944,198.507085,0.005108
unit.000136,Mapper-1-40,N/A,620.974256992,N/A,621.047054052,965.830104828,965.843708992,0.007078,242.13209,0.004713
unit.000137,Mapper-1-41,N/A,612.035742044,N/A,612.058073997,866.306656837,866.318217993,0.007196,215.433337,0.005547
unit.000138,Mapper-1-42,N/A,643.75917697,N/A,643.78797102,955.241691828,955.253810883,0.006918,217.941164,0.004968
unit.000139,Mapper-1-43,N/A,621.739737988,N/A,621.813810825,873.975340843,874.224257946,0.006291,210.085673,0.004612
unit.000140,Mapper-1-44,N/A,621.032544851,N/A,621.062666893,891.751034975,891.764075041,0.006483,220.393812,0.005199
unit.000141,Mapper-1-45,N/A,622.479593992,N/A,622.495745897,939.92869401,940.37323904,0.006879,235.179539,0.004777
unit.000142,Mapper-1-46,N/A,606.091523886,N/A,606.197296858,878.28033185,878.292968988,0.007024,230.217158,0.005485
unit.000143,Mapper-1-47,N/A,603.526151896,N/A,603.581296921,854.458147049,854.471907854,0.006674,212.013336,0.005284
unit.000144,Mapper-1-48,N/A,596.041224957,N/A,596.068560839,841.45802784,841.470193863,0.018047,182.23586,0.004131
unit.000145,Mapper-1-49,N/A,595.286025047,N/A,595.35468483,851.399540901,851.412013054,0.007112,208.435701,0.00474
unit.000146,Mapper-1-50,N/A,599.923531055,N/A,599.940247059,853.445158958,853.457433939,0.006789,212.155539,0.004757
unit.000147,Mapper-1-51,N/A,601.903801918,N/A,601.96398592,872.92811799,872.95262289,0.006811,228.802746,0.005086
unit.000148,Mapper-1-52,N/A,603.495064974,N/A,603.537750006,870.845348835,870.914901972,0.006944,228.122664,0.00502
unit.000149,Mapper-1-53,N/A,602.596840858,N/A,602.624807835,864.246397972,864.265369892,0.006615,222.404224,0.005275
unit.000150,Mapper-1-54,N/A,632.801630974,N/A,632.872318983,956.275835991,956.286885977,0.007043,229.047716,0.004539
unit.000151,Mapper-1-55,N/A,632.041368961,N/A,632.073010921,967.876839876,967.888640881,0.006516,233.233213,0.004922
unit.000152,Mapper-1-56,N/A,627.719569921,N/A,627.787754059,905.786633015,905.800412893,0.006909,221.138189,0.005144
unit.000153,Mapper-1-57,N/A,635.742529869,N/A,635.799888849,976.763893843,976.775511026,0.007313,231.180267,0.004895
unit.000154,Mapper-1-58,N/A,634.821406841,N/A,634.841131926,942.403913975,942.415747881,0.007056,225.170497,0.004991
unit.000155,Mapper-1-59,N/A,640.506793976,N/A,640.532484055,938.849513054,938.862215996,0.007006,218.868651,0.005066
unit.000156,Mapper-1-60,N/A,624.555191994,N/A,624.595118999,915.638262987,915.649656057,0.007725,227.485247,0.004888
unit.000157,Mapper-1-61,N/A,631.285270929,N/A,631.313485861,984.918928862,984.930742025,0.007065,259.749375,0.004807
unit.000158,Mapper-1-62,N/A,625.309780836,N/A,625.327628851,961.411931038,961.425056934,0.006376,237.205901,0.004776
unit.000159,Mapper-1-63,N/A,625.460698843,N/A,625.482960939,921.90927887,921.922801971,0.007288,227.424469,0.004994
unit.000160,Mapper-1-64,N/A,630.236945868,N/A,630.383148909,949.080744982,949.092138052,0.007056,230.083852,0.004909
unit.000161,Mapper-1-65,N/A,594.391904831,N/A,594.406885862,762.332618952,762.343973875,0.011122,153.221122,0.005658
unit.000162,Mapper-1-66,N/A,638.862223864,N/A,638.967887878,979.84039402,979.85231185,0.00724,228.886914,0.004284
unit.000163,Mapper-1-67,N/A,628.519812822,N/A,628.558934927,912.232393026,912.245911837,0.007407,222.775831,0.004945
unit.000164,Mapper-1-68,N/A,630.228688002,N/A,630.359880924,923.974900007,923.991915941,0.007213,223.413711,0.005227
unit.000165,Mapper-1-69,N/A,610.389336824,N/A,610.407263994,939.86589098,939.895663977,0.007205,249.15395,0.005329
unit.000166,Mapper-1-70,N/A,643.303436995,N/A,643.327095985,952.15670085,952.169359922,0.007793,216.646229,0.004904
unit.000167,Mapper-1-71,N/A,640.069430828,N/A,640.145879984,983.116528034,983.127418995,0.006871,230.019608,0.004732
unit.000168,Mapper-1-72,N/A,627.775976896,N/A,627.835012913,937.821810007,937.834461927,0.008072,228.033871,0.005125
unit.000169,Mapper-1-73,N/A,630.37932086,N/A,630.431691885,970.538841009,970.561684847,0.007131,235.250753,0.004417
unit.000170,Mapper-1-74,N/A,632.050983906,N/A,632.124949932,911.198992968,911.211501837,0.006973,218.342166,0.00518
unit.000171,Mapper-1-75,N/A,628.47350502,N/A,628.496588945,918.69845891,918.711683989,0.007854,224.337337,0.005028
unit.000172,Mapper-1-76,N/A,593.502302885,N/A,593.528632879,775.508049011,775.520954847,0.009737,155.255633,0.006907
unit.000173,Mapper-1-77,N/A,640.517740965,N/A,640.591291904,972.601784945,972.613981962,0.007224,225.230198,0.004269
unit.000174,Mapper-1-78,N/A,602.619621038,N/A,602.673961878,888.682282925,888.694020033,0.007491,239.317641,0.005148
unit.000175,Mapper-1-79,N/A,591.317100048,N/A,591.34344697,840.429111004,840.441972971,0.008022,186.81744,0.00506
unit.000176,Mapper-1-80,N/A,591.954646826,N/A,591.973027945,787.766211033,787.779696941,0.01201,159.514897,0.008299
unit.000177,Mapper-1-81,N/A,599.774483919,N/A,599.792945862,855.489095926,856.121940851,0.007395,218.36437,0.004989
unit.000178,Mapper-1-82,N/A,594.540277958,N/A,594.555333853,842.474591017,842.48624301,0.008088,184.896815,0.00527
unit.000179,Mapper-1-83,N/A,614.070907831,N/A,614.115048885,978.807996035,978.819270849,0.007446,253.54926,0.005375
unit.000180,Mapper-1-84,N/A,601.846071005,N/A,601.917058945,847.309309959,847.321169853,0.00752,196.235313,0.005166
unit.000181,Mapper-1-85,N/A,596.033216953,N/A,596.053566933,848.328150034,848.340263844,0.008599,204.277867,0.004982
unit.000182,Mapper-1-86,N/A,616.532819033,N/A,616.575199842,975.730423927,975.742050886,0.007406,250.578749,0.004684
unit.000183,Mapper-1-87,N/A,606.188009977,N/A,606.267671824,973.634628057,973.680366993,0.007684,259.857732,0.005018
unit.000184,Mapper-1-88,N/A,632.792670965,N/A,632.834791899,931.410544872,931.422209978,0.00749,221.967345,0.004905
unit.000185,Mapper-1-89,N/A,593.494925022,N/A,593.513596058,836.354671001,836.367655993,0.008497,163.493389,0.005355
unit.000186,Mapper-1-90,N/A,643.314581871,N/A,643.358696938,962.726909876,962.739267826,0.007685,219.50793,0.004719
unit.000187,Mapper-1-91,N/A,621.727363825,N/A,621.754852057,894.807598829,894.820260048,0.007815,222.264427,0.004725
unit.000188,Mapper-1-92,N/A,595.137804031,N/A,595.156400919,843.500725985,844.26164794,0.008827,189.031104,0.005545
unit.000189,Mapper-1-93,N/A,616.540774822,N/A,616.619642973,900.365666866,900.377470016,0.007293,224.848294,0.004626
unit.000190,Mapper-1-94,N/A,635.724769831,N/A,635.765974045,914.258383989,914.637167931,0.008628,214.616365,0.004932
unit.000191,Mapper-1-95,N/A,610.304177999,N/A,610.358310938,860.178417921,860.189903021,0.006028,214.054733,0.005468
unit.000192,Mapper-1-96,N/A,629.224835873,N/A,629.246494055,933.458554983,933.470314026,0.004774,228.756663,0.004933
unit.000193,Reducer-1,N/A,989.81622386,N/A,990.094223022,N/A,N/A,0.713902,0.214866,0.004887
unit.000194,Mapper-2-1,N/A,1040.35417295,N/A,1040.39637589,1464.05548096,1464.06960797,0.007353,228.128883,0.004718
unit.000195,Mapper-2-2,N/A,1038.26141191,N/A,1038.29006791,1448.69938588,1448.73365688,0.007805,226.473701,0.004263
unit.000196,Mapper-2-3,N/A,1036.64187002,N/A,1036.68049002,1467.15471983,1467.17649198,0.007974,233.731687,0.004955
unit.000197,Mapper-2-4,N/A,1014.98174,N/A,1015.01875591,1388.17307687,1388.18997002,0.008949,231.252651,0.005526
unit.000198,Mapper-2-5,N/A,1032.00869799,N/A,1032.02863884,1418.76857686,1418.84907293,0.007957,222.337305,0.005437
unit.000199,Mapper-2-6,N/A,1031.25317192,N/A,1031.28687882,1391.23524785,1391.25356984,0.008493,214.958983,0.004782
unit.000200,Mapper-2-7,N/A,1004.88118982,N/A,1004.89660382,1181.00745392,1181.01996899,0.017825,155.518186,0.00821
unit.000201,Mapper-2-8,N/A,1001.72896695,N/A,1001.75526404,1182.04348183,1182.05679083,0.007326,175.460511,0.007013
unit.000202,Mapper-2-9,N/A,1049.35078096,N/A,1049.443259,1482.77405,1482.78646398,0.007527,224.175719,0.004363
unit.000203,Mapper-2-10,N/A,1001.67161298,N/A,1001.74029493,1268.13165498,1268.14826584,0.00908,191.754045,0.005899
unit.000204,Mapper-2-11,N/A,1046.49907994,N/A,1046.5273459,1488.93902183,1488.95162487,0.007498,230.288754,0.004653
unit.000205,Mapper-2-12,N/A,1019.90258193,N/A,1019.93282986,1394.86701798,1394.88852286,0.007395,230.102505,0.005272
unit.000206,Mapper-2-13,N/A,1026.66475487,N/A,1026.73517704,1421.08797097,1421.21053791,0.007795,231.865931,0.00542
unit.000207,Mapper-2-14,N/A,1031.70560193,N/A,1031.72871089,1449.74547982,1449.759444,0.007622,233.828778,0.005699
unit.000208,Mapper-2-15,N/A,1015.8920939,N/A,1015.95077991,1444.57745886,1444.60067701,0.008357,246.657799,0.004369
unit.000209,Mapper-2-16,N/A,1044.06289887,N/A,1044.13236785,1429.08255601,1429.24656105,0.008176,215.63786,0.005294
unit.000210,Mapper-2-17,N/A,1014.99013996,N/A,1015.06045389,1411.5139339,1411.54632902,0.007605,237.302206,0.004314
unit.000211,Mapper-2-18,N/A,1022.69677997,N/A,1022.71995497,1422.23192406,1422.24426794,0.00735,235.719969,0.005153
unit.000212,Mapper-2-19,N/A,1020.95399594,N/A,1020.98196697,1384.69424295,1384.70794392,0.007945,224.729122,0.005081
unit.000213,Mapper-2-20,N/A,1018.32934403,N/A,1018.41494203,1381.61706901,1381.62921286,0.007465,224.777753,0.00507
unit.000214,Mapper-2-21,N/A,1007.43194699,N/A,1007.45154905,1376.52849388,1376.54062796,0.028683,232.846478,0.005194
unit.000215,Mapper-2-22,N/A,1012.37853289,N/A,1012.407022,1402.97621298,1402.99113894,0.007645,236.868157,0.005982
unit.000216,Mapper-2-23,N/A,1008.18188596,N/A,1008.19730783,1357.93091583,1358.10998082,0.007594,192.814522,0.004887
unit.000217,Mapper-2-24,N/A,1044.05194783,N/A,1044.09971786,1479.69347,1479.70604801,0.007793,228.45494,0.004176
unit.000218,Mapper-2-25,N/A,1025.6580739,N/A,1025.73423505,1462.00528789,1462.01716995,0.007259,243.341325,0.004788
unit.000219,Mapper-2-26,N/A,1036.65171289,N/A,1036.71368885,1451.77772403,1451.79088783,0.007407,229.800313,0.004882
unit.000220,Mapper-2-27,N/A,1044.80835485,N/A,1045.04755187,1463.03413987,1463.05187702,0.007582,224.375517,0.004662
unit.000221,Mapper-2-28,N/A,1024.33389187,N/A,1024.36033487,1441.52083588,1441.53239393,0.007177,236.254448,0.005134
unit.000222,Mapper-2-29,N/A,1030.20756888,N/A,1030.28106284,1439.49340391,1439.50691104,0.007075,230.855046,0.004471
unit.000223,Mapper-2-30,N/A,1017.42979097,N/A,1017.45444894,1438.46337605,1438.47585106,0.007192,242.524952,0.005106
unit.000224,Mapper-2-31,N/A,1005.78160787,N/A,1005.79685187,1355.42248082,1355.66097689,0.009689,191.108931,0.005093
unit.000225,Mapper-2-32,N/A,1016.8294239,N/A,1016.84545588,1436.40209198,1436.42178297,0.008977,243.412438,0.004485
unit.000226,Mapper-2-33,N/A,1021.59343886,N/A,1021.62219501,1393.82838082,1393.86624789,0.01606,225.633625,0.005015
unit.000227,Mapper-2-34,N/A,1016.68029594,N/A,1016.70226789,1371.42522192,1371.43928385,0.009008,221.376715,0.005206
unit.000228,Mapper-2-35,N/A,1010.83977485,N/A,1010.93304706,1367.69539404,1367.707798,0.006979,224.660865,0.004915
unit.000229,Mapper-2-36,N/A,1023.17410493,N/A,1023.19713593,1485.86617899,1485.87954783,0.008521,251.921078,0.004873
unit.000230,Mapper-2-37,N/A,1003.22983885,N/A,1003.24628305,1235.22291589,1235.25274086,0.007006,189.852048,0.005163
unit.000231,Mapper-2-38,N/A,1028.50241995,N/A,1028.53446794,1377.54674697,1377.55980206,0.007106,212.522935,0.005087
unit.000232,Mapper-2-39,N/A,1019.45143485,N/A,1019.48000383,1431.26969099,1431.28283882,0.00694,241.491334,0.006474
unit.000233,Mapper-2-40,N/A,1014.08236098,N/A,1014.16284084,1369.78426099,1370.42417789,0.007207,224.244855,0.004852
unit.000234,Mapper-2-41,N/A,1046.51099992,N/A,1046.58769894,1455.88751984,1455.90238595,0.008103,220.707755,0.004783
unit.000235,Mapper-2-42,N/A,1036.50018597,N/A,1036.56635404,1473.30134988,1473.31658292,0.006707,234.370366,0.00449
unit.000236,Mapper-2-43,N/A,1024.03168583,N/A,1024.06683493,1374.4878099,1374.50020003,0.007117,215.347006,0.005189
unit.000237,Mapper-2-44,N/A,1025.35695887,N/A,1025.38940191,1414.68601203,1414.70321083,0.007072,229.246654,0.00509
unit.000238,Mapper-2-45,N/A,1029.40711999,N/A,1029.43776083,1454.85187984,1454.86550403,0.006912,237.768353,0.005337
unit.000239,Mapper-2-46,N/A,1011.57585096,N/A,1011.59537697,1390.21792984,1390.23128104,0.006528,233.411628,0.004958
unit.000240,Mapper-2-47,N/A,1000.92266798,N/A,1000.93843198,1359.11012292,1359.12274694,0.012207,202.708766,0.004682
unit.000241,Mapper-2-48,N/A,1002.48446798,N/A,1002.51071692,1234.20386195,1234.21846604,0.008769,184.976799,0.005465
unit.000242,Mapper-2-49,N/A,1028.53067684,N/A,1028.58702803,1366.68133402,1366.69507003,0.006859,206.567367,0.005056
unit.000243,Mapper-2-50,N/A,1043.29387999,N/A,1043.35834599,1480.72839093,1480.74082303,0.006578,230.240968,0.005334
unit.000244,Mapper-2-51,N/A,1046.66349483,N/A,1046.74174094,1489.96158385,1489.97370195,0.006939,231.89801,0.00452
unit.000245,Mapper-2-52,N/A,1030.19178104,N/A,1030.22594404,1417.749547,1417.761307,0.006273,226.404408,0.005167
unit.000246,Mapper-2-53,N/A,1003.528723,N/A,1003.54391694,1206.58410788,1206.60419297,0.0069,182.290475,0.005539
unit.000247,Mapper-2-54,N/A,1049.40981698,N/A,1049.49072886,1474.3459239,1474.36035204,0.006891,222.009942,0.004835
unit.000248,Mapper-2-55,N/A,1040.36836386,N/A,1040.43277693,1486.90009999,1486.91524696,0.006773,235.200611,0.004687
unit.000249,Mapper-2-56,N/A,1005.93342495,N/A,1005.94872403,1360.14390492,1360.15620995,0.033845,209.02447,0.00479
unit.000250,Mapper-2-57,N/A,1008.63020086,N/A,1008.64977503,1412.58014798,1412.59363103,0.006774,243.79956,0.004096
unit.000251,Mapper-2-58,N/A,1020.20136786,N/A,1020.21433783,1403.99170089,1404.01428795,0.007182,230.961379,0.005547
unit.000252,Mapper-2-59,N/A,1005.18137288,N/A,1005.19971895,1296.98376799,1297.00861788,0.019414,191.211971,0.005558
unit.000253,Mapper-2-60,N/A,1012.52701902,N/A,1012.56520891,1432.29538894,1432.30724788,0.007768,248.258966,0.004425
unit.000254,Mapper-2-61,N/A,1004.12916994,N/A,1004.14440584,1205.55487394,1205.581985,0.011029,175.939232,0.00566
unit.000255,Mapper-2-62,N/A,1020.65145397,N/A,1020.68048406,1363.22294283,1363.23546505,0.007061,210.540313,0.004856
unit.000256,Mapper-2-63,N/A,1006.68294287,N/A,1006.71405005,1327.42826295,1327.44884586,0.011444,189.606229,0.005739
unit.000257,Mapper-2-64,N/A,1026.51452398,N/A,1026.53800797,1398.03351283,1399.92457891,0.007871,223.563283,0.005135
unit.000258,Mapper-2-65,N/A,1004.27922487,N/A,1004.29863501,1270.16126895,1270.17431688,0.008379,188.51567,0.00527
unit.000259,Mapper-2-66,N/A,1022.245085,N/A,1022.26165795,1406.0396409,1408.46527505,0.007398,228.756466,0.004438
unit.000260,Mapper-2-67,N/A,1019.30214787,N/A,1019.33239388,1379.584342,1379.59562588,0.007244,219.285902,0.014668
unit.000261,Mapper-2-68,N/A,1002.47716093,N/A,1002.49575996,1183.05760384,1183.06935501,0.007051,176.606949,0.005325
unit.000262,Mapper-2-69,N/A,1030.95178986,N/A,1030.96962595,1470.26393604,1470.28020787,0.009099,239.536852,0.004555
unit.000263,Mapper-2-70,N/A,1014.14022303,N/A,1014.22662091,1442.54975295,1442.56174088,0.007904,245.109978,0.004455
unit.000264,Mapper-2-71,N/A,1046.65402389,N/A,1046.69717097,1457.917346,1457.93029499,0.007319,219.704415,0.006683
unit.000265,Mapper-2-72,N/A,1011.58758402,N/A,1011.63922286,1386.73813891,1387.17239499,0.008107,234.451097,0.005373
unit.000266,Mapper-2-73,N/A,1006.83221102,N/A,1006.85649896,1208.64073992,1208.65408587,0.009879,178.414784,0.005734
unit.000267,Mapper-2-74,N/A,1023.60344887,N/A,1023.62004185,1401.94353294,1401.95828605,0.00767,225.338821,0.013113
unit.000268,Mapper-2-75,N/A,1018.38725305,N/A,1018.45007086,1428.04659796,1428.05973792,0.007002,241.998209,0.004304
unit.000269,Mapper-2-76,N/A,1015.88307786,N/A,1015.92387605,1361.17666292,1361.18948603,0.007412,212.461949,0.00509
unit.000270,Mapper-2-77,N/A,1007.58126783,N/A,1007.60448885,1373.46942997,1373.48165298,0.007443,230.951422,0.004477
unit.000271,Mapper-2-78,N/A,1021.89363003,N/A,1021.90878296,1396.99049497,1397.00739193,0.007901,227.246873,0.005349
unit.000272,Mapper-2-79,N/A,1037.65651989,N/A,1037.68713093,1410.49818397,1410.51288891,0.007384,214.377868,0.004902
unit.000273,Mapper-2-80,N/A,1041.26157904,N/A,1041.30410099,1434.34138393,1434.39599299,0.007758,219.93012,0.005217
unit.000274,Mapper-2-81,N/A,1042.53736687,N/A,1042.55965495,1466.11347103,1466.153687,0.007604,227.225244,0.004715
unit.000275,Mapper-2-82,N/A,1041.75087285,N/A,1041.77430201,1469.22545195,1469.23781395,0.008919,228.866408,0.007747
unit.000276,Mapper-2-83,N/A,1032.51457906,N/A,1032.54542899,1409.46551299,1409.47795486,0.007233,219.464347,0.005465
unit.000277,Mapper-2-84,N/A,1042.38630199,N/A,1042.41141701,1477.42769885,1477.68080401,0.00751,229.80554,0.004305
unit.000278,Mapper-2-85,N/A,1043.30483603,N/A,1043.42614198,1476.39018798,1476.40863705,0.006919,227.91988,0.005134
unit.000279,Mapper-2-86,N/A,1037.50440288,N/A,1037.58292603,1483.80773783,1483.82016087,0.007509,236.846976,0.004528
unit.000280,Mapper-2-87,N/A,1041.75823689,N/A,1041.82667804,1459.97779799,1459.99263287,0.007783,225.854395,0.008759
unit.000281,Mapper-2-88,N/A,1038.56527591,N/A,1038.63140702,1452.82511497,1452.83798599,0.007648,227.153334,0.004907
unit.000282,Mapper-2-89,N/A,1045.05271482,N/A,1045.07501984,1492.0808599,1492.10265493,0.007975,234.088531,0.004982
unit.000283,Mapper-2-90,N/A,1041.27445602,N/A,1041.33589602,1446.653476,1446.66517496,0.007362,223.221517,0.005062
unit.000284,Mapper-2-91,N/A,1000.62289,N/A,1000.68731999,1295.9615829,1295.97418904,0.011604,194.264082,0.005969
unit.000285,Mapper-2-92,N/A,1028.34996605,N/A,1028.37604403,1383.67965889,1383.69197488,0.007754,216.3056,0.004995
unit.000286,Mapper-2-93,N/A,1017.57883,N/A,1017.61112094,1364.32503891,1364.33700299,0.007519,213.427858,0.005941
unit.000287,Mapper-2-94,N/A,1029.25611591,N/A,1029.28524899,1425.34696889,1425.98586988,0.007717,230.328461,0.005268
unit.000288,Mapper-2-95,N/A,1024.78479695,N/A,1024.81508589,1415.70152998,1415.72230887,0.005263,230.969196,0.005336
unit.000289,Mapper-2-96,N/A,1010.89627194,N/A,1010.94609404,1424.31290293,1424.32543683,0.004462,247.388302,0.004451
unit.000290,Reducer-2,N/A,1500.92127299,N/A,1501.17317796,N/A,N/A,0.711782,0.212377,0.004788
unit.000291,Mapper-3-1,N/A,1543.88282895,N/A,1543.90890598,1945.79018188,1945.8248899,0.006636,227.86882,0.005061
unit.000292,Mapper-3-2,N/A,1534.18060398,N/A,1534.1996839,1906.25811195,1906.27115297,0.008574,210.804682,0.005034
unit.000293,Mapper-3-3,N/A,1568.75905395,N/A,1568.83167505,2015.91142988,2015.93903899,0.007929,228.852021,0.004243
unit.000294,Mapper-3-4,N/A,1567.21376085,N/A,1567.26797986,1972.87885284,1972.89140892,0.007749,214.627568,0.004502
unit.000295,Mapper-3-5,N/A,1558.09654999,N/A,1558.12611485,1969.81487203,1969.82649589,0.006837,222.549441,0.004305
unit.000296,Mapper-3-6,N/A,1565.42904592,N/A,1565.47636294,1982.08286095,1982.09468198,0.00765,218.61727,0.004136
unit.000297,Mapper-3-7,N/A,1540.05918789,N/A,1540.07451701,1953.98520303,1953.99821496,0.007805,233.447917,0.004762
unit.000298,Mapper-3-8,N/A,1554.03529501,N/A,1554.15024185,1935.37284684,1936.30410385,0.006436,217.11223,0.004293
unit.000299,Mapper-3-9,N/A,1566.28126788,N/A,1566.31314898,1995.58905196,1995.64565396,0.007569,222.247584,0.00419
unit.000300,Mapper-3-10,N/A,1553.16422105,N/A,1553.25194097,2006.51017594,2006.52874303,0.007131,239.765867,0.004978
unit.000301,Mapper-3-11,N/A,1549.242064,N/A,1549.26765895,1962.67242885,1962.68528104,0.006531,229.570662,0.005073
unit.000302,Mapper-3-12,N/A,1548.39486384,N/A,1548.44384503,1909.13116789,1910.68057394,0.007211,206.204162,0.00878
unit.000303,Mapper-3-13,N/A,1548.32868791,N/A,1548.3986659,1957.0459969,1957.08935785,0.006469,228.117023,0.004462
unit.000304,Mapper-3-14,N/A,1544.830055,N/A,1544.85170603,1929.85568905,1929.99748993,0.006634,221.636861,0.005596
unit.000305,Mapper-3-15,N/A,1544.67758393,N/A,1544.70634604,1978.00032187,1978.01274991,0.006597,232.345653,0.004962
unit.000306,Mapper-3-16,N/A,1540.40472388,N/A,1540.42003393,2011.15032887,2011.16274095,0.007543,254.269966,0.004944
unit.000307,Mapper-3-17,N/A,1538.69704103,N/A,1538.72274685,1936.91093397,1937.29758286,0.007383,231.659955,0.005091
unit.000308,Mapper-3-18,N/A,1537.6432929,N/A,1537.66495895,1951.95798492,1951.97148204,0.007228,237.810811,0.004889
unit.000309,Mapper-3-19,N/A,1568.81846786,N/A,1568.85538101,2007.52957201,2008.10182405,0.006751,224.599164,0.004062
unit.000310,Mapper-3-20,N/A,1542.21925688,N/A,1542.25432396,1948.89623785,1948.91024995,0.007422,233.160857,0.005524
unit.000311,Mapper-3-21,N/A,1545.63486099,N/A,1545.66499996,1926.69140792,1926.75250006,0.006317,219.914263,0.005166
unit.000312,Mapper-3-22,N/A,1516.69511485,N/A,1516.759238,1727.56004596,1727.57361794,0.012654,190.336762,0.006115
unit.000313,Mapper-3-23,N/A,1534.37413192,N/A,1534.39233589,1960.16184998,1960.40790701,0.007476,242.720759,0.005406
unit.000314,Mapper-3-24,N/A,1517.44900489,N/A,1517.46412802,1728.5952909,1728.61004591,0.007398,189.79903,0.00465
unit.000315,Mapper-3-25,N/A,1520.69254184,N/A,1520.70798492,1698.74943805,1698.76148796,0.00793,174.239922,0.005349
unit.000316,Mapper-3-26,N/A,1542.22785902,N/A,1542.29139996,1971.86223102,1971.87708688,0.007133,238.373935,0.005058
unit.000317,Mapper-3-27,N/A,1532.37073994,N/A,1532.44601989,1932.25935698,1932.27401996,0.007627,234.239134,0.00469
unit.000318,Mapper-3-28,N/A,1536.19387102,N/A,1536.23359704,1908.34887004,1910.68125987,0.006928,217.937159,0.005444
unit.000319,Mapper-3-29,N/A,1525.26280189,N/A,1525.28499103,1898.07508302,1898.08719397,0.006055,218.453926,0.004512
unit.000320,Mapper-3-30,N/A,1522.53769088,N/A,1522.55304384,1748.9431119,1748.95517993,0.011422,186.649434,0.005273
unit.000321,Mapper-3-31,N/A,1530.09329796,N/A,1530.11258698,1925.63349605,1925.65249395,0.006645,233.331836,0.005433
unit.000322,Mapper-3-32,N/A,1529.1900239,N/A,1529.26844501,1896.02860403,1896.04205394,0.005968,214.261322,0.005194
unit.000323,Mapper-3-33,N/A,1536.13667703,N/A,1536.212888,1892.79083991,1892.8042829,0.006785,201.113654,0.005862
unit.000324,Mapper-3-34,N/A,1536.89058304,N/A,1536.91405487,1922.53605199,1922.55670595,0.006767,223.571506,0.005052
unit.000325,Mapper-3-35,N/A,1544.03337383,N/A,1544.05973196,1946.85068893,1946.86232185,0.006068,230.292957,0.00492
unit.000326,Mapper-3-36,N/A,1533.27542806,N/A,1533.30047083,1919.3068099,1919.33066201,0.01399,224.80813,0.004984
unit.000327,Mapper-3-37,N/A,1532.43766689,N/A,1532.47545099,1900.12104201,1905.13265705,0.019903,211.371169,0.005342
unit.000328,Mapper-3-38,N/A,1531.04854393,N/A,1531.06820583,1913.77363491,1913.78903604,0.007636,225.108302,0.005141
unit.000329,Mapper-3-39,N/A,1529.94182396,N/A,1529.95790601,1912.75883794,1912.77232504,0.00652,225.280019,0.004991
unit.000330,Mapper-3-40,N/A,1529.31287599,N/A,1529.36852598,1887.5246079,1887.53835797,0.005806,205.37508,0.004819
unit.000331,Mapper-3-41,N/A,1529.24730587,N/A,1529.36417103,1907.31489396,1907.32742286,0.006122,221.75293,0.005468
unit.000332,Mapper-3-42,N/A,1526.03612089,N/A,1526.05868602,1894.99633288,1895.02708888,0.006026,211.721057,0.005602
unit.000333,Mapper-3-43,N/A,1526.01709294,N/A,1526.04040885,1905.171417,1905.19178987,0.006033,216.462101,0.005341
unit.000334,Mapper-3-44,N/A,1536.899194,N/A,1536.93463087,1942.70862889,1942.72119403,0.006645,235.51259,0.005323
unit.000335,Mapper-3-45,N/A,1524.465662,N/A,1524.491961,1928.82012796,1928.83356595,0.030948,241.758908,0.004791
unit.000336,Mapper-3-46,N/A,1524.41330886,N/A,1524.48814702,1708.10082197,1708.129498,0.008565,179.581831,0.004789
unit.000337,Mapper-3-47,N/A,1524.35699201,N/A,1524.43948197,1885.47668695,1885.48874593,0.01041,193.246449,0.005164
unit.000338,Mapper-3-48,N/A,1523.141819,N/A,1523.16751885,1796.818753,1796.83227301,0.007386,191.017973,0.005062
unit.000339,Mapper-3-49,N/A,1521.63501692,N/A,1521.65009093,1855.99378204,1856.00627184,0.010614,195.975985,0.00529
unit.000340,Mapper-3-50,N/A,1521.4450109,N/A,1521.45997787,1823.45735192,1823.47069001,0.007658,194.303294,0.004958
unit.000341,Mapper-3-51,N/A,1520.84222388,N/A,1520.85725188,1795.80133605,1795.81701589,0.008763,192.188487,0.005033
unit.000342,Mapper-3-52,N/A,1520.33998799,N/A,1520.35875297,1747.91986799,1747.93259192,0.007546,188.648132,0.005235
unit.000343,Mapper-3-53,N/A,1519.23494387,N/A,1519.26121902,1746.8798759,1746.89591599,0.008179,188.719639,0.005291
unit.000344,Mapper-3-54,N/A,1533.29435205,N/A,1533.32292104,1917.06736493,1917.12590694,0.008328,223.53336,0.005278
unit.000345,Mapper-3-55,N/A,1519.17871094,N/A,1519.2462399,1773.15275788,1773.17114687,0.008384,193.113731,0.00513
unit.000346,Mapper-3-56,N/A,1517.59839702,N/A,1517.61341691,1692.64486694,1692.65727496,0.006958,171.0243,0.008918
unit.000347,Mapper-3-57,N/A,1549.99969792,N/A,1550.01539302,1985.13835788,1985.15044093,0.006755,234.401721,0.00452
unit.000348,Mapper-3-58,N/A,1560.75358987,N/A,1560.77715492,1988.19653702,1988.22193503,0.008322,225.263984,0.004022
unit.000349,Mapper-3-59,N/A,1554.91474295,N/A,1554.94210005,1975.95860291,1975.97042584,0.0061,227.671129,0.004335
unit.000350,Mapper-3-60,N/A,1565.370821,N/A,1565.45021987,2001.02646685,2002.39770699,0.007391,225.397949,0.004602
unit.000351,Mapper-3-61,N/A,1563.7483449,N/A,1563.7673049,1974.94147682,1974.95579386,0.006772,217.515726,0.004536
unit.000352,Mapper-3-62,N/A,1556.57793999,N/A,1556.63627791,1996.68783188,1996.70985293,0.00601,233.142285,0.004643
unit.000353,Mapper-3-63,N/A,1565.52603292,N/A,1565.5489049,2013.18092895,2013.19495702,0.007254,230.386891,0.004503
unit.000354,Mapper-3-64,N/A,1549.24984789,N/A,1549.31111002,1949.91157889,1949.92396402,0.006348,224.245934,0.005416
unit.000355,Mapper-3-65,N/A,1557.27255702,N/A,1557.3295629,2017.97406697,2017.98726106,0.006222,240.527532,0.004978
unit.000356,Mapper-3-66,N/A,1546.49791288,N/A,1546.52397084,1943.74341297,1943.75758791,0.006137,224.542638,0.005065
unit.000357,Mapper-3-67,N/A,1563.59135103,N/A,1563.61014485,1990.27254295,1990.45709705,0.006912,221.758782,0.004131
unit.000358,Mapper-3-68,N/A,1543.12732887,N/A,1543.15530801,1906.2809999,1906.29279089,0.007514,207.085166,0.006036
unit.000359,Mapper-3-69,N/A,1538.54578805,N/A,1538.57168102,1993.54428196,1993.556288,0.007163,248.916869,0.005305
unit.000360,Mapper-3-70,N/A,1554.0068109,N/A,1554.03154683,1963.68647099,1963.69965291,0.007164,225.681363,0.004584
unit.000361,Mapper-3-71,N/A,1539.45087886,N/A,1539.47723389,1940.66089582,1940.67414689,0.007266,232.62207,0.005314
unit.000362,Mapper-3-72,N/A,1562.63443089,N/A,1562.67132592,1959.11358595,1959.16152692,0.007199,215.299,0.004398
unit.000363,Mapper-3-73,N/A,1559.82532406,N/A,1559.85237598,2005.47658205,2005.48945689,0.006381,232.454863,0.004876
unit.000364,Mapper-3-74,N/A,1539.30162501,N/A,1539.36999583,1915.88028383,1916.06683183,0.007385,216.376861,0.005411
unit.000365,Mapper-3-75,N/A,1543.13648701,N/A,1543.20091105,1923.55980086,1923.58869386,0.006138,217.508246,0.004974
unit.000366,Mapper-3-76,N/A,1537.65202594,N/A,1537.71481705,1939.626019,1939.63898206,0.007531,234.344516,0.004618
unit.000367,Mapper-3-77,N/A,1550.14944506,N/A,1550.17577791,1933.27423787,1933.28759289,0.006957,218.337621,0.005423
unit.000368,Mapper-3-78,N/A,1560.89013195,N/A,1560.91805291,1979.01497483,1979.02723289,0.006952,222.299565,0.00437
unit.000369,Mapper-3-79,N/A,1559.06355906,N/A,1559.09697104,2018.9965539,2019.32835484,0.006045,241.17193,0.00456
unit.000370,Mapper-3-80,N/A,1562.64417195,N/A,1562.71234083,1989.23488498,1989.25112605,0.007029,223.690874,0.004263
unit.000371,Mapper-3-81,N/A,1520.34745002,N/A,1520.37372398,1701.9839859,1701.996629,0.007833,179.066269,0.004971
unit.000372,Mapper-3-82,N/A,1556.47978187,N/A,1556.59445095,1966.75113392,1966.76421595,0.00649,223.867049,0.004159
unit.000373,Mapper-3-83,N/A,1567.19655991,N/A,1567.23034,2003.39886904,2003.46462989,0.007518,224.740395,0.004027
unit.000374,Mapper-3-84,N/A,1566.29945302,N/A,1566.33490801,1981.06085396,1981.08188891,0.00795,217.050942,0.004439
unit.000375,Mapper-3-85,N/A,1554.76383901,N/A,1554.80930591,1965.73224401,1965.75,0.006537,225.182565,0.004153
unit.000376,Mapper-3-86,N/A,1546.50584602,N/A,1546.57229805,1968.80006599,1968.81472301,0.006794,232.254529,0.00471
unit.000377,Mapper-3-87,N/A,1559.09313202,N/A,1559.14023805,1986.16074085,1986.17289305,0.006634,226.094159,0.004484
unit.000378,Mapper-3-88,N/A,1553.09218097,N/A,1553.18389797,1998.74224997,1998.75584102,0.008687,237.056237,0.003982
unit.000379,Mapper-3-89,N/A,1522.23642302,N/A,1522.3044579,1889.55118799,1889.56377602,0.020897,213.40761,0.005414
unit.000380,Mapper-3-90,N/A,1557.23762798,N/A,1557.27938199,1999.77592802,1999.82811999,0.006625,234.031689,0.004765
unit.000381,Mapper-3-91,N/A,1545.64233804,N/A,1545.69578791,2010.11863995,2010.13259792,0.006548,247.945949,0.005618
unit.000382,Mapper-3-92,N/A,1559.83651686,N/A,1559.88880205,1956.03325105,1956.046386,0.006781,215.471158,0.004336
unit.000383,Mapper-3-93,N/A,1565.53626704,N/A,1565.58933496,2013.20882487,2014.91065598,0.007808,230.297759,0.004151
unit.000384,Mapper-3-94,N/A,1558.24694991,N/A,1558.26766706,1992.50835395,1992.52408004,0.006525,229.123005,0.004313
unit.000385,Mapper-3-95,N/A,1525.28858685,N/A,1525.30688286,1891.59574389,1891.63814998,0.004584,211.484138,0.005323
unit.000386,Mapper-3-96,N/A,1530.89890599,N/A,1530.91864491,1920.33189583,1920.34947491,0.004708,228.262019,0.00469
unit.000387,Reducer-3,N/A,2024.89758682,N/A,2025.14816904,N/A,N/A,0.702297,0.209903,0.00491
unit.000388,Mapper-4-1,N/A,2075.36531687,N/A,2075.38567305,2422.88019204,2422.89292288,0.007752,196.215217,0.004953
unit.000389,Mapper-4-2,N/A,2074.60221601,N/A,2074.6717689,2511.87975097,2511.90137506,0.007707,231.144698,0.005127
unit.000390,Mapper-4-3,N/A,2072.09156799,N/A,2072.107512,2501.38436985,2501.39773893,0.008007,230.996534,0.004931
unit.000391,Mapper-4-4,N/A,2071.18022084,N/A,2071.24482799,2500.32276487,2500.33594584,0.007452,229.134891,0.005206
unit.000392,Mapper-4-5,N/A,2071.17283988,N/A,2071.21041799,2474.37624288,2474.39666486,0.008035,223.855612,0.005381
unit.000393,Mapper-4-6,N/A,2076.38851285,N/A,2076.5532589,2472.28151083,2472.29428697,0.007357,218.911834,0.005016
unit.000394,Mapper-4-7,N/A,2070.41483903,N/A,2070.49646902,2435.17864585,2435.19660783,0.007327,210.113306,0.005525
unit.000395,Mapper-4-8,N/A,2068.76633,N/A,2068.79385591,2460.92999792,2460.95296097,0.007541,224.133537,0.004832
unit.000396,Mapper-4-9,N/A,2059.92135406,N/A,2059.96788597,2441.55595303,2441.56899786,0.007935,228.315909,0.005239
unit.000397,Mapper-4-10,N/A,2054.34280801,N/A,2054.428725,2425.94359994,2425.95893002,0.007444,223.234871,0.006241
unit.000398,Mapper-4-11,N/A,2060.56092691,N/A,2060.62934303,2466.12827897,2466.14217687,0.01671,232.118302,0.004552
unit.000399,Mapper-4-12,N/A,2039.15774798,N/A,2039.17284894,2410.44812989,2410.465693,0.006899,203.874512,0.004738
unit.000400,Mapper-4-13,N/A,2066.72222304,N/A,2066.74546599,2468.15664291,2468.16933894,0.007364,227.325459,0.005187
unit.000401,Mapper-4-14,N/A,2052.02089787,N/A,2052.03645897,2429.00544,2429.06585097,0.018821,223.629156,0.005876
unit.000402,Mapper-4-15,N/A,2085.64390898,N/A,2085.66849589,2527.90771294,2527.92120194,0.007333,226.069959,0.004973
unit.000403,Mapper-4-16,N/A,2061.44344687,N/A,2062.92657804,2461.99341583,2462.00642204,0.006597,230.757757,0.005483
unit.000404,Mapper-4-17,N/A,2046.0235889,N/A,2046.04570794,2413.52575302,2413.53827906,0.007333,211.825609,0.004983
unit.000405,Mapper-4-18,N/A,2077.37821293,N/A,2077.39916396,2503.49554205,2503.51028991,0.015414,224.273687,0.004729
unit.000406,Mapper-4-19,N/A,2065.46366405,N/A,2065.53947592,2443.49330902,2443.50809789,0.007567,223.485701,0.005091
unit.000407,Mapper-4-20,N/A,2058.35743189,N/A,2058.48389888,2519.22498393,2520.56182599,0.007581,250.268946,0.004699
unit.000408,Mapper-4-21,N/A,2042.81318593,N/A,2042.86485195,2316.47692394,2316.49030304,0.009042,193.724524,0.005555
unit.000409,Mapper-4-22,N/A,2048.70510101,N/A,2048.72742391,2445.55261803,2445.56479597,0.00753,237.636359,0.005273
unit.000410,Mapper-4-23,N/A,2054.25608087,N/A,2054.33550501,2438.324265,2438.33786297,0.007424,230.025744,0.005057
unit.000411,Mapper-4-24,N/A,2064.54244304,N/A,2064.57683802,2502.41301584,2502.47209787,0.00675,238.599545,0.004405
unit.000412,Mapper-4-25,N/A,2054.31292987,N/A,2054.42490697,2423.89473391,2423.90769386,0.008189,218.137032,0.005284
unit.000413,Mapper-4-26,N/A,2063.02528596,N/A,2063.061306,2457.85904503,2457.87396002,0.007622,227.330387,0.005037
unit.000414,Mapper-4-27,N/A,2041.98583293,N/A,2042.01218295,2412.49974895,2412.51274395,0.007006,204.800333,0.005228
unit.000415,Mapper-4-28,N/A,2045.26820397,N/A,2045.30683184,2409.41076088,2409.43208003,0.060906,192.950635,0.005301
unit.000416,Mapper-4-29,N/A,2071.93941283,N/A,2071.95497704,2477.46936393,2477.48189592,0.008349,225.020079,0.004404
unit.000417,Mapper-4-30,N/A,2041.92679286,N/A,2042.00838399,2223.03406405,2223.04920292,0.007639,178.423416,0.00573
unit.000418,Mapper-4-31,N/A,2039.46030283,N/A,2039.47677493,2405.20815992,2408.40976191,0.007839,198.74157,0.005002
unit.000419,Mapper-4-32,N/A,2083.98352695,N/A,2084.00911403,2505.548419,2505.56129098,0.006339,219.2618,0.005386
unit.000420,Mapper-4-33,N/A,2060.55300689,N/A,2060.57509089,2447.59736896,2447.60995889,0.007137,229.011604,0.004955
unit.000421,Mapper-4-34,N/A,2056.073102,N/A,2056.11328387,2450.67936087,2450.693151,0.007029,234.197593,0.005213
unit.000422,Mapper-4-35,N/A,2055.37405086,N/A,2055.47214484,2416.58534884,2416.64634204,0.007092,210.019219,0.005164
unit.000423,Mapper-4-36,N/A,2087.73008704,N/A,2087.76174593,2513.0018549,2513.01552486,0.007122,218.488876,0.008383
unit.000424,Mapper-4-37,N/A,2043.6218679,N/A,2043.63747787,2373.59258294,2373.60848093,0.013348,192.340793,0.00489
unit.000425,Mapper-4-38,N/A,2040.06379294,N/A,2040.07883692,2219.95982289,2219.97284889,0.006093,176.962809,0.007564
unit.000426,Mapper-4-39,N/A,2038.65390301,N/A,2038.67215991,2216.89381599,2216.91016388,0.006049,172.344534,0.006527
unit.000427,Mapper-4-40,N/A,2037.74568605,N/A,2037.80983496,2244.25044799,2244.63472486,0.016822,184.24688,0.011887
unit.000428,Mapper-4-41,N/A,2065.45555592,N/A,2065.49430203,2500.34814596,2500.36194396,0.006366,237.016602,0.004607
unit.000429,Mapper-4-42,N/A,2081.50075197,N/A,2081.56589198,2521.60939789,2521.73860002,0.005916,227.662361,0.005192
unit.000430,Mapper-4-43,N/A,2084.78879905,N/A,2084.80870891,2494.26864195,2494.28146696,0.006145,217.323818,0.004924
unit.000431,Mapper-4-44,N/A,2085.65330505,N/A,2085.68888187,2515.96567202,2515.98151302,0.007085,220.848977,0.005139
unit.000432,Mapper-4-45,N/A,2084.94626689,N/A,2084.96770597,2541.71213388,2541.85602498,0.006847,237.42454,0.004665
unit.000433,Mapper-4-46,N/A,2083.9947269,N/A,2084.05547595,2534.31231689,2534.32593894,0.005928,231.657691,0.00434
unit.000434,Mapper-4-47,N/A,2082.22435498,N/A,2082.26300383,2509.80587792,2509.81932402,0.006152,223.536186,0.004967
unit.000435,Mapper-4-48,N/A,2079.09967494,N/A,2079.12199998,2524.83581686,2524.84951091,0.006842,230.792063,0.004898
unit.000436,Mapper-4-49,N/A,2082.23446584,N/A,2082.29823184,2533.27582788,2533.29040289,0.005819,231.543161,0.004806
unit.000437,Mapper-4-50,N/A,2078.33388805,N/A,2078.35798502,2464.04368997,2464.05555987,0.007061,215.096674,0.004907
unit.000438,Mapper-4-51,N/A,2087.12294602,N/A,2087.14422393,2518.05203485,2518.10136795,0.006874,219.448963,0.004345
unit.000439,Mapper-4-52,N/A,2086.96682882,N/A,2087.00861287,2508.74354196,2508.758322,0.006964,218.396594,0.005787
unit.000440,Mapper-4-53,N/A,2080.39280987,N/A,2080.41386604,2488.79495597,2488.87129283,0.010204,218.994709,0.004886
unit.000441,Mapper-4-54,N/A,2086.51008582,N/A,2086.54191685,2535.34678698,2536.59398198,0.007036,229.395146,0.004551
unit.000442,Mapper-4-55,N/A,2076.37879491,N/A,2076.51918983,2491.11431503,2491.12821198,0.007111,224.278887,0.004989
unit.000443,Mapper-4-56,N/A,2081.51235104,N/A,2081.56973195,2538.63048983,2538.64577603,0.006762,236.94472,0.004839
unit.000444,Mapper-4-57,N/A,2070.47224903,N/A,2070.53990889,2537.59288192,2537.60714197,0.007444,246.679436,0.004717
unit.000445,Mapper-4-58,N/A,2058.41429186,N/A,2058.51862383,2471.24431086,2471.25792885,0.006979,236.777355,0.004821
unit.000446,Mapper-4-59,N/A,2050.56430387,N/A,2050.64361691,2452.72992086,2452.74889588,0.007077,238.943609,0.004606
unit.000447,Mapper-4-60,N/A,2078.02950287,N/A,2078.04792905,2487.75527787,2487.77227998,0.007234,220.272369,0.005166
unit.000448,Mapper-4-61,N/A,2066.73070693,N/A,2066.79743195,2531.02800703,2531.26028299,0.006992,246.217615,0.004664
unit.000449,Mapper-4-62,N/A,2063.03292084,N/A,2063.09536004,2495.29496288,2498.33235884,0.008155,239.588575,0.006258
unit.000450,Mapper-4-63,N/A,2061.43391991,N/A,2061.46919489,2506.58427191,2506.64568591,0.007353,241.509007,0.005118
unit.000451,Mapper-4-64,N/A,2086.10145092,N/A,2086.13593388,2517.00838995,2517.02188587,0.007156,220.272353,0.004523
unit.000452,Mapper-4-65,N/A,2044.36189485,N/A,2044.38383102,2317.49208903,2317.50411606,0.016516,190.768461,0.005832
unit.000453,Mapper-4-66,N/A,2044.38760185,N/A,2044.40312696,2292.40713882,2292.42771006,0.008359,190.371239,0.005242
unit.000454,Mapper-4-67,N/A,2047.49751902,N/A,2047.52090192,2455.79806089,2455.81086087,0.00702,244.161979,0.005151
unit.000455,Mapper-4-68,N/A,2042.82058287,N/A,2042.8687849,2347.04711604,2347.06040883,0.011923,194.836289,0.005346
unit.000456,Mapper-4-69,N/A,2068.77556491,N/A,2068.83761287,2458.89141989,2458.9053359,0.007187,223.497101,0.005151
unit.000457,Mapper-4-70,N/A,2040.3643899,N/A,2040.37950683,2291.39253688,2291.40466905,0.009276,191.310163,0.005469
unit.000458,Mapper-4-71,N/A,2051.41647196,N/A,2051.43475485,2431.07821584,2431.090487,0.011129,230.00521,0.005043
unit.000459,Mapper-4-72,N/A,2046.32575488,N/A,2046.34784198,2448.63194299,2448.64461803,0.007579,243.068326,0.005087
unit.000460,Mapper-4-73,N/A,2047.64758396,N/A,2047.6629889,2439.36101389,2439.37772083,0.007592,237.617896,0.004995
unit.000461,Mapper-4-74,N/A,2047.95072603,N/A,2047.97995591,2419.80419397,2419.81932902,0.006857,221.286332,0.005281
unit.000462,Mapper-4-75,N/A,2049.15810299,N/A,2049.19239593,2415.56160092,2415.57892585,0.007202,213.523012,0.005405
unit.000463,Mapper-4-76,N/A,2050.50748205,N/A,2050.59164095,2426.96004987,2426.97358203,0.007063,227.180432,0.005074
unit.000464,Mapper-4-77,N/A,2051.26579785,N/A,2051.29664183,2418.70306492,2418.71624494,0.007379,210.782859,0.005919
unit.000465,Mapper-4-78,N/A,2052.17457986,N/A,2052.18998694,2436.21842599,2436.28610802,0.017519,231.357712,0.005148
unit.000466,Mapper-4-79,N/A,2077.87590504,N/A,2077.90695596,2485.7083919,2485.72087884,0.007403,220.698972,0.004469
unit.000467,Mapper-4-80,N/A,2055.39736986,N/A,2055.508044,2492.19409394,2492.21396685,0.007418,245.176634,0.004622
unit.000468,Mapper-4-81,N/A,2045.27966595,N/A,2045.33797097,2433.12504005,2433.14224005,0.007209,237.211326,0.006047
unit.000469,Mapper-4-82,N/A,2059.93455291,N/A,2060.00828195,2475.42338395,2475.43812299,0.007616,235.684699,0.004589
unit.000470,Mapper-4-83,N/A,2037.89655399,N/A,2037.91181087,2267.22541404,2267.25953984,0.009433,192.084165,0.00719
unit.000471,Mapper-4-84,N/A,2080.23969889,N/A,2080.26072502,2540.68438292,2540.69867587,0.007749,226.321385,0.005012
unit.000472,Mapper-4-85,N/A,2067.79345489,N/A,2067.80924892,2523.79236889,2523.80567884,0.007355,240.358632,0.005062
unit.000473,Mapper-4-86,N/A,2088.03590393,N/A,2088.06490493,2529.95556092,2530.02705002,0.007694,224.617821,0.004739
unit.000474,Mapper-4-87,N/A,2048.40330005,N/A,2048.426162,2319.53595304,2319.54830289,0.007466,187.639156,0.004837
unit.000475,Mapper-4-88,N/A,2040.818115,N/A,2040.83612895,2224.09840488,2225.79580903,0.006668,180.024819,0.005216
unit.000476,Mapper-4-89,N/A,2074.65943003,N/A,2074.72497296,2526.89123082,2526.90486097,0.007781,236.17614,0.005313
unit.000477,Mapper-4-90,N/A,2078.64197087,N/A,2078.66265202,2480.54806995,2480.59429002,0.00771,218.586766,0.011573
unit.000478,Mapper-4-91,N/A,2067.63809204,N/A,2067.66119289,2483.86017394,2483.87488103,0.006152,226.449486,0.005188
unit.000479,Mapper-4-92,N/A,2064.54984784,N/A,2064.62217188,2481.79865193,2481.81324387,0.007837,232.748033,0.007867
unit.000480,Mapper-4-93,N/A,2075.40804601,N/A,2075.43530083,2478.49372387,2478.50672984,0.007622,221.491687,0.004552
unit.000481,Mapper-4-94,N/A,2056.10943103,N/A,2056.159132,2469.19410205,2469.22938299,0.00783,238.112936,0.005048
unit.000482,Mapper-4-95,N/A,2058.45767689,N/A,2058.54219198,2454.76212883,2454.77573705,0.005185,233.288719,0.005254
unit.000483,Mapper-4-96,N/A,2043.60159993,N/A,2043.61760902,2411.47404695,2411.48652983,0.005098,199.528845,0.005322
unit.000484,Reducer-4,N/A,2549.47549605,N/A,2549.72605586,N/A,N/A,0.71213,0.212957,0.005149
