Partitions,Message_size_in_Points,Dimensions,Total_Messages,Throughput_Rate,Producers,Wrangler_Producer_Nodes
12,5000,3,2,12.474119,2,1
12,5000,3,2,25.531356,2,1
12,5000,3,2,20.405075,2,1
12,5000,3,2,15.926094,2,1
12,5000,3,2,9.315273,2,1
12,5000,3,2,46.345644,2,1
12,5000,3,2,15.85065,2,1
12,5000,3,2,20.427535,2,1
12,5000,3,2,32.653585,2,1
12,5000,3,2,40.9568,2,1
12,5000,3,2000,35.564878,2,1
12,5000,3,2000,32.41996,2,1
12,5000,3,2000,34.841203,2,1
12,5000,3,2000,35.156293,2,1
12,5000,3,2000,34.750861,2,1
12,5000,3,2000,30.09688,2,1
12,5000,3,2000,25.793665,2,1
12,5000,3,2000,23.078025,2,1
12,5000,3,2000,24.468041,2,1
12,5000,3,2000,22.121003,2,1
12,5000,3,2,12.440985,2,1
12,5000,3,2,25.532678,2,1
12,5000,3,2,39.604774,2,1
12,5000,3,2,13.612942,2,1
12,5000,3,2,27.835745,2,1
12,5000,3,2,15.569548,2,1
12,5000,3,2,9.679427,2,1
12,5000,3,2,33.155374,2,1
12,5000,3,2,29.983194,2,1
12,5000,3,2,30.578641,2,1
12,5000,3,2000,31.155126,2,1
12,5000,3,2000,28.679692,2,1
12,5000,3,2000,28.650134,2,1
12,5000,3,2000,29.418624,2,1
12,5000,3,2000,27.798092,2,1
12,5000,3,2000,27.438852,2,1
12,5000,3,2000,26.141364,2,1
12,5000,3,2000,31.438233,2,1
12,5000,3,2000,29.694935,2,1
12,5000,3,2000,26.662284,2,1
12,5000,3,2,28.867107,4,1
12,5000,3,2,29.60417,4,1
12,5000,3,2,47.284804,4,1
12,5000,3,2,31.102786,4,1
12,5000,3,2,20.085979,4,1
12,5000,3,2,30.977935,4,1
12,5000,3,2,15.904715,4,1
12,5000,3,2,12.617351,4,1
12,5000,3,2,41.006252,4,1
12,5000,3,2,30.917651,4,1
12,5000,3,2000,36.966943,4,1
12,5000,3,2000,37.545159,4,1
12,5000,3,2000,37.757346,4,1
12,5000,3,2000,36.166561,4,1
12,5000,3,2000,35.636337,4,1
12,5000,3,2000,36.271973,4,1
12,5000,3,2000,33.132083,4,1
12,5000,3,2000,36.036268,4,1
12,5000,3,2000,34.671469,4,1
12,5000,3,2000,35.349104,4,1
12,5000,3,2,27.031773,4,1
12,5000,3,2,12.511328,4,1
12,5000,3,2,32.681955,4,1
12,5000,3,2,20.449496,4,1
12,5000,3,2,44.357649,4,1
12,5000,3,2,48.601437,4,1
12,5000,3,2,52.390162,4,1
12,5000,3,2,29.746837,4,1
12,5000,3,2,48.11499,4,1
12,5000,3,2,53.444581,4,1
12,5000,3,2000,32.204874,4,1
12,5000,3,2000,36.4558,4,1
12,5000,3,2000,36.608224,4,1
12,5000,3,2000,35.914231,4,1
12,5000,3,2000,36.923317,4,1
12,5000,3,2000,25.269792,4,1
12,5000,3,2000,36.469538,4,1
12,5000,3,2000,34.633219,4,1
12,5000,3,2000,34.702889,4,1
12,5000,3,2000,29.715276,4,1
12,5000,3,2,27.216123,4,1
12,5000,3,2,21.161337,4,1
12,5000,3,2,12.617256,4,1
12,5000,3,2,33.063375,4,1
12,5000,3,2,19.059777,4,1
12,5000,3,2,32.767488,4,1
12,5000,3,2,38.327423,4,1
12,5000,3,2,20.033262,4,1
12,5000,3,2,21.375953,4,1
12,5000,3,2,9.656796,4,1
12,5000,3,2000,35.51668,4,1
12,5000,3,2000,33.848498,4,1
12,5000,3,2000,31.28237,4,1
12,5000,3,2000,35.158519,4,1
12,5000,3,2000,33.140604,4,1
12,5000,3,2000,33.554207,4,1
12,5000,3,2000,35.081661,4,1
12,5000,3,2000,33.203697,4,1
12,5000,3,2000,35.994067,4,1
12,5000,3,2000,36.673736,4,1
12,5000,3,2,9.495144,4,1
12,5000,3,2,15.921136,4,1
12,5000,3,2,9.615101,4,1
12,5000,3,2,21.680247,4,1
12,5000,3,2,7.577196,4,1
12,5000,3,2,21.825497,4,1
12,5000,3,2,12.738616,4,1
12,5000,3,2,26.34489,4,1
12,5000,3,2,30.966843,4,1
12,5000,3,2,48.52244,4,1
12,5000,3,2000,30.646886,4,1
12,5000,3,2000,36.136379,4,1
12,5000,3,2000,32.884367,4,1
12,5000,3,2000,31.022888,4,1
12,5000,3,2000,33.790703,4,1
12,5000,3,2000,31.347303,4,1
12,5000,3,2000,32.170784,4,1
12,5000,3,2000,32.036539,4,1
12,5000,3,2000,30.101384,4,1
12,5000,3,2000,34.147557,4,1
12,5000,3,2,30.620387,8,1
12,5000,3,2,45.544716,8,1
12,5000,3,2,30.022361,8,1
12,5000,3,2,49.865406,8,1
12,5000,3,2,19.975254,8,1
12,5000,3,2,12.730342,8,1
12,5000,3,2,32.501891,8,1
12,5000,3,2,20.418386,8,1
12,5000,3,2,31.50154,8,1
12,5000,3,2,30.063894,8,1
12,5000,3,2000,36.571922,8,1
12,5000,3,2000,37.583451,8,1
12,5000,3,2000,38.397253,8,1
12,5000,3,2000,36.893726,8,1
12,5000,3,2000,37.285321,8,1
12,5000,3,2000,37.153074,8,1
12,5000,3,2000,36.598375,8,1
12,5000,3,2000,37.12037,8,1
12,5000,3,2000,37.501148,8,1
12,5000,3,2000,37.293751,8,1
12,5000,3,2,30.522231,8,1
12,5000,3,2,9.515932,8,1
12,5000,3,2,32.665283,8,1
12,5000,3,2,20.251723,8,1
12,5000,3,2,28.180614,8,1
12,5000,3,2,20.728427,8,1
12,5000,3,2,14.467058,8,1
12,5000,3,2,20.162936,8,1
12,5000,3,2,15.563251,8,1
12,5000,3,2,7.742089,8,1
12,5000,3,2000,36.943861,8,1
12,5000,3,2000,37.477037,8,1
12,5000,3,2000,36.880781,8,1
12,5000,3,2000,36.023639,8,1
12,5000,3,2000,36.172213,8,1
12,5000,3,2000,36.147529,8,1
12,5000,3,2000,34.103185,8,1
12,5000,3,2000,33.651581,8,1
12,5000,3,2000,34.597402,8,1
12,5000,3,2000,34.969226,8,1
12,5000,3,2,37.80304,8,1
12,5000,3,2,20.675855,8,1
12,5000,3,2,12.536758,8,1
12,5000,3,2,41.91391,8,1
12,5000,3,2,40.226958,8,1
12,5000,3,2,15.709063,8,1
12,5000,3,2,9.4865,8,1
12,5000,3,2,25.517066,8,1
12,5000,3,2,20.311547,8,1
12,5000,3,2,45.411085,8,1
12,5000,3,2000,33.880512,8,1
12,5000,3,2000,33.566367,8,1
12,5000,3,2000,33.870029,8,1
12,5000,3,2000,34.368287,8,1
12,5000,3,2000,33.598042,8,1
12,5000,3,2000,34.075596,8,1
12,5000,3,2000,34.467949,8,1
12,5000,3,2000,35.398609,8,1
12,5000,3,2000,32.633765,8,1
12,5000,3,2000,31.706685,8,1
12,5000,3,2,30.561373,8,1
12,5000,3,2,45.975808,8,1
12,5000,3,2,15.729712,8,1
12,5000,3,2,49.862739,8,1
12,5000,3,2,19.654059,8,1
12,5000,3,2,12.701544,8,1
12,5000,3,2,45.687346,8,1
12,5000,3,2,39.204965,8,1
12,5000,3,2,20.031636,8,1
12,5000,3,2,31.706213,8,1
12,5000,3,2000,36.173099,8,1
12,5000,3,2000,33.044856,8,1
12,5000,3,2000,35.478718,8,1
12,5000,3,2000,33.692034,8,1
12,5000,3,2000,33.906252,8,1
12,5000,3,2000,34.894096,8,1
12,5000,3,2000,33.625232,8,1
12,5000,3,2000,33.783198,8,1
12,5000,3,2000,33.195354,8,1
12,5000,3,2000,33.736557,8,1
12,5000,3,2,44.395914,8,1
12,5000,3,2,29.701442,8,1
12,5000,3,2,20.936713,8,1
12,5000,3,2,9.560822,8,1
12,5000,3,2,32.053801,8,1
12,5000,3,2,21.020129,8,1
12,5000,3,2,13.42551,8,1
12,5000,3,2,21.227793,8,1
12,5000,3,2,12.483605,8,1
12,5000,3,2,32.377197,8,1
12,5000,3,2000,36.242968,8,1
12,5000,3,2000,35.232776,8,1
12,5000,3,2000,37.459068,8,1
12,5000,3,2000,37.571431,8,1
12,5000,3,2000,34.701935,8,1
12,5000,3,2000,36.325147,8,1
12,5000,3,2000,36.706807,8,1
12,5000,3,2000,37.132343,8,1
12,5000,3,2000,37.222407,8,1
12,5000,3,2000,34.299361,8,1
12,5000,3,2,24.46129,8,1
12,5000,3,2,21.051304,8,1
12,5000,3,2,12.516126,8,1
12,5000,3,2,42.601229,8,1
12,5000,3,2,19.342718,8,1
12,5000,3,2,12.563759,8,1
12,5000,3,2,36.449071,8,1
12,5000,3,2,32.629706,8,1
12,5000,3,2,11.859858,8,1
12,5000,3,2,38.882411,8,1
12,5000,3,2000,35.125366,8,1
12,5000,3,2000,34.946341,8,1
12,5000,3,2000,35.085854,8,1
12,5000,3,2000,34.677051,8,1
12,5000,3,2000,34.897089,8,1
12,5000,3,2000,34.310069,8,1
12,5000,3,2000,34.544809,8,1
12,5000,3,2000,34.51231,8,1
12,5000,3,2000,34.183872,8,1
12,5000,3,2000,34.180678,8,1
12,5000,3,2,30.667291,8,1
12,5000,3,2,12.452435,8,1
12,5000,3,2,31.988286,8,1
12,5000,3,2,48.817524,8,1
12,5000,3,2,18.83434,8,1
12,5000,3,2,30.39604,8,1
12,5000,3,2,42.728605,8,1
12,5000,3,2,21.214532,8,1
12,5000,3,2,12.552497,8,1
12,5000,3,2,15.74468,8,1
12,5000,3,2000,24.30166,8,1
12,5000,3,2000,29.536232,8,1
12,5000,3,2000,31.796572,8,1
12,5000,3,2000,29.881475,8,1
12,5000,3,2000,23.528697,8,1
12,5000,3,2000,28.310247,8,1
12,5000,3,2000,31.937101,8,1
12,5000,3,2000,23.926522,8,1
12,5000,3,2000,31.49638,8,1
12,5000,3,2000,32.758059,8,1
12,5000,3,2,31.21691,8,1
12,5000,3,2,19.97221,8,1
12,5000,3,2,15.643704,8,1
12,5000,3,2,20.462415,8,1
12,5000,3,2,14.82943,8,1
12,5000,3,2,7.730275,8,1
12,5000,3,2,15.998718,8,1
12,5000,3,2,41.3668,8,1
12,5000,3,2,12.549887,8,1
12,5000,3,2,12.790261,8,1
12,5000,3,2000,32.980596,8,1
12,5000,3,2000,33.53154,8,1
12,5000,3,2000,34.874055,8,1
12,5000,3,2000,34.836759,8,1
12,5000,3,2000,37.000886,8,1
12,5000,3,2000,35.736354,8,1
12,5000,3,2000,36.337696,8,1
12,5000,3,2000,35.276856,8,1
12,5000,3,2000,36.739856,8,1
12,5000,3,2000,36.295371,8,1
12,5000,3,2,30.507357,16,1
12,5000,3,2,15.612086,16,1
12,5000,3,2,48.529458,16,1
12,5000,3,2,21.116432,16,1
12,5000,3,2,9.227437,16,1
12,5000,3,2,25.352724,16,1
12,5000,3,2,9.551514,16,1
12,5000,3,2,25.723168,16,1
12,5000,3,2,7.743955,16,1
12,5000,3,2,47.936546,16,1
12,5000,3,2000,28.317169,16,1
12,5000,3,2000,27.915107,16,1
12,5000,3,2000,26.200471,16,1
12,5000,3,2000,24.066306,16,1
12,5000,3,2000,27.663793,16,1
12,5000,3,2000,25.751382,16,1
12,5000,3,2000,33.747555,16,1
12,5000,3,2000,34.511651,16,1
12,5000,3,2000,35.45128,16,1
12,5000,3,2000,31.291988,16,1
12,5000,3,2,24.491786,16,1
12,5000,3,2,45.428791,16,1
12,5000,3,2,20.962611,16,1
12,5000,3,2,38.666089,16,1
12,5000,3,2,14.970514,16,1
12,5000,3,2,12.562498,16,1
12,5000,3,2,33.548527,16,1
12,5000,3,2,7.676273,16,1
12,5000,3,2,36.017295,16,1
12,5000,3,2,46.518095,16,1
12,5000,3,2000,33.442023,16,1
12,5000,3,2000,34.308795,16,1
12,5000,3,2000,33.811732,16,1
12,5000,3,2000,33.161164,16,1
12,5000,3,2000,33.788948,16,1
12,5000,3,2000,32.054624,16,1
12,5000,3,2000,33.533571,16,1
12,5000,3,2000,31.280879,16,1
12,5000,3,2000,31.152944,16,1
12,5000,3,2000,33.687546,16,1
12,5000,3,2,43.516149,16,1
12,5000,3,2,29.265002,16,1
12,5000,3,2,15.597717,16,1
12,5000,3,2,19.891605,16,1
12,5000,3,2,39.122138,16,1
12,5000,3,2,21.069493,16,1
12,5000,3,2,20.321486,16,1
12,5000,3,2,21.301967,16,1
12,5000,3,2,12.607869,16,1
12,5000,3,2,21.205791,16,1
12,5000,3,2000,28.427285,16,1
12,5000,3,2000,25.007598,16,1
12,5000,3,2000,29.476271,16,1
12,5000,3,2000,32.321761,16,1
12,5000,3,2000,32.372981,16,1
12,5000,3,2000,34.174047,16,1
12,5000,3,2000,32.408702,16,1
12,5000,3,2000,32.723409,16,1
12,5000,3,2000,33.344762,16,1
12,5000,3,2000,33.178175,16,1
12,5000,3,2,21.179021,16,1
12,5000,3,2,7.616404,16,1
12,5000,3,2,46.488963,16,1
12,5000,3,2,38.315693,16,1
12,5000,3,2,14.736557,16,1
12,5000,3,2,12.479723,16,1
12,5000,3,2,31.783458,16,1
12,5000,3,2,20.788477,16,1
12,5000,3,2,12.471708,16,1
12,5000,3,2,35.453311,16,1
12,5000,3,2000,26.464969,16,1
12,5000,3,2000,25.645101,16,1
12,5000,3,2000,24.103577,16,1
12,5000,3,2000,23.56425,16,1
12,5000,3,2000,22.123312,16,1
12,5000,3,2000,26.940058,16,1
12,5000,3,2000,21.165795,16,1
12,5000,3,2000,23.396127,16,1
12,5000,3,2000,22.431452,16,1
12,5000,3,2000,22.699043,16,1
12,5000,3,2,24.548048,16,1
12,5000,3,2,13.341616,16,1
12,5000,3,2,37.959907,16,1
12,5000,3,2,20.79327,16,1
12,5000,3,2,18.383734,16,1
12,5000,3,2,25.220628,16,1
12,5000,3,2,14.349656,16,1
12,5000,3,2,38.514127,16,1
12,5000,3,2,20.059178,16,1
12,5000,3,2,20.880325,16,1
12,5000,3,2000,27.871492,16,1
12,5000,3,2000,26.207114,16,1
12,5000,3,2000,25.273373,16,1
12,5000,3,2000,25.748837,16,1
12,5000,3,2000,25.711128,16,1
12,5000,3,2000,23.362029,16,1
12,5000,3,2000,23.273937,16,1
12,5000,3,2000,24.835661,16,1
12,5000,3,2000,25.073614,16,1
12,5000,3,2000,23.084425,16,1
12,5000,3,2,24.184351,16,1
12,5000,3,2,46.138151,16,1
12,5000,3,2,20.163324,16,1
12,5000,3,2,20.990569,16,1
12,5000,3,2,9.234711,16,1
12,5000,3,2,24.898514,16,1
12,5000,3,2,20.164535,16,1
12,5000,3,2,31.146901,16,1
12,5000,3,2,20.92752,16,1
12,5000,3,2,9.535207,16,1
12,5000,3,2000,37.800756,16,1
12,5000,3,2000,35.727779,16,1
12,5000,3,2000,36.200028,16,1
12,5000,3,2000,36.393432,16,1
12,5000,3,2000,37.324699,16,1
12,5000,3,2000,35.961409,16,1
12,5000,3,2000,37.140659,16,1
12,5000,3,2000,34.542217,16,1
12,5000,3,2000,32.775188,16,1
12,5000,3,2000,31.73605,16,1
12,5000,3,2,24.642371,16,1
12,5000,3,2,9.524305,16,1
12,5000,3,2,25.908358,16,1
12,5000,3,2,21.094395,16,1
12,5000,3,2,9.235107,16,1
12,5000,3,2,21.341094,16,1
12,5000,3,2,12.67169,16,1
12,5000,3,2,25.875911,16,1
12,5000,3,2,9.615112,16,1
12,5000,3,2,25.780878,16,1
12,5000,3,2000,27.009095,16,1
12,5000,3,2000,26.577861,16,1
12,5000,3,2000,30.006877,16,1
12,5000,3,2000,25.468533,16,1
12,5000,3,2000,26.189068,16,1
12,5000,3,2000,24.245062,16,1
12,5000,3,2000,21.286598,16,1
12,5000,3,2000,26.23726,16,1
12,5000,3,2000,32.166966,16,1
12,5000,3,2000,24.496733,16,1
12,5000,3,2,24.227167,16,1
12,5000,3,2,9.489107,16,1
12,5000,3,2,39.440723,16,1
12,5000,3,2,15.529628,16,1
12,5000,3,2,9.184681,16,1
12,5000,3,2,31.982066,16,1
12,5000,3,2,20.24024,16,1
12,5000,3,2,20.579329,16,1
12,5000,3,2,48.094301,16,1
12,5000,3,2,30.332403,16,1
12,5000,3,2000,28.349338,16,1
12,5000,3,2000,29.310737,16,1
12,5000,3,2000,25.17504,16,1
12,5000,3,2000,29.223057,16,1
12,5000,3,2000,31.115326,16,1
12,5000,3,2000,29.111412,16,1
12,5000,3,2000,31.890782,16,1
12,5000,3,2000,32.971146,16,1
12,5000,3,2000,33.961734,16,1
12,5000,3,2000,36.92297,16,1
12,5000,3,2,50.712499,16,1
12,5000,3,2,11.882908,16,1
12,5000,3,2,45.148833,16,1
12,5000,3,2,20.810809,16,1
12,5000,3,2,19.425988,16,1
12,5000,3,2,12.537133,16,1
12,5000,3,2,47.429441,16,1
12,5000,3,2,20.977341,16,1
12,5000,3,2,12.496102,16,1
12,5000,3,2,15.734285,16,1
12,5000,3,2000,35.167849,16,1
12,5000,3,2000,33.578717,16,1
12,5000,3,2000,33.193797,16,1
12,5000,3,2000,32.868084,16,1
12,5000,3,2000,35.520141,16,1
12,5000,3,2000,33.08505,16,1
12,5000,3,2000,35.314053,16,1
12,5000,3,2000,33.408945,16,1
12,5000,3,2000,35.082848,16,1
12,5000,3,2000,35.187933,16,1
12,5000,3,2,24.520637,16,1
12,5000,3,2,9.450238,16,1
12,5000,3,2,15.58239,16,1
12,5000,3,2,45.040957,16,1
12,5000,3,2,14.779891,16,1
12,5000,3,2,12.469836,16,1
12,5000,3,2,15.722518,16,1
12,5000,3,2,29.692926,16,1
12,5000,3,2,50.376584,16,1
12,5000,3,2,20.815559,16,1
12,5000,3,2000,33.155572,16,1
12,5000,3,2000,34.369041,16,1
12,5000,3,2000,34.156099,16,1
12,5000,3,2000,32.938393,16,1
12,5000,3,2000,32.846129,16,1
12,5000,3,2000,32.860819,16,1
12,5000,3,2000,32.679757,16,1
12,5000,3,2000,30.373964,16,1
12,5000,3,2000,32.28011,16,1
12,5000,3,2000,34.257556,16,1
12,5000,3,2,24.392296,16,1
12,5000,3,2,12.489943,16,1
12,5000,3,2,31.430721,16,1
12,5000,3,2,45.915663,16,1
12,5000,3,2,26.620867,16,1
12,5000,3,2,31.679153,16,1
12,5000,3,2,21.295802,16,1
12,5000,3,2,12.594467,16,1
12,5000,3,2,25.421026,16,1
12,5000,3,2,12.657827,16,1
12,5000,3,2000,38.392437,16,1
12,5000,3,2000,36.68305,16,1
12,5000,3,2000,37.556149,16,1
12,5000,3,2000,37.110722,16,1
12,5000,3,2000,38.409449,16,1
12,5000,3,2000,35.951913,16,1
12,5000,3,2000,38.565398,16,1
12,5000,3,2000,36.481336,16,1
12,5000,3,2000,34.246683,16,1
12,5000,3,2000,35.544145,16,1
12,5000,3,2,18.082677,16,1
12,5000,3,2,9.063631,16,1
12,5000,3,2,38.251049,16,1
12,5000,3,2,20.643038,16,1
12,5000,3,2,39.949747,16,1
12,5000,3,2,20.796724,16,1
12,5000,3,2,19.861181,16,1
12,5000,3,2,20.769073,16,1
12,5000,3,2,20.158478,16,1
12,5000,3,2,48.417976,16,1
12,5000,3,2000,35.492786,16,1
12,5000,3,2000,34.174043,16,1
12,5000,3,2000,36.397952,16,1
12,5000,3,2000,36.0441,16,1
12,5000,3,2000,33.380996,16,1
12,5000,3,2000,31.991054,16,1
12,5000,3,2000,32.536016,16,1
12,5000,3,2000,30.540887,16,1
12,5000,3,2000,32.750347,16,1
12,5000,3,2000,33.422917,16,1
12,5000,3,2,37.787884,16,1
12,5000,3,2,12.430219,16,1
12,5000,3,2,12.460741,16,1
12,5000,3,2,41.596335,16,1
12,5000,3,2,11.729727,16,1
12,5000,3,2,19.985438,16,1
12,5000,3,2,15.565186,16,1
12,5000,3,2,12.445784,16,1
12,5000,3,2,24.792694,16,1
12,5000,3,2,9.605082,16,1
12,5000,3,2000,37.084795,16,1
12,5000,3,2000,36.387553,16,1
12,5000,3,2000,36.712157,16,1
12,5000,3,2000,36.116605,16,1
12,5000,3,2000,33.478955,16,1
12,5000,3,2000,33.323274,16,1
12,5000,3,2000,35.443728,16,1
12,5000,3,2000,32.286462,16,1
12,5000,3,2000,33.476791,16,1
12,5000,3,2000,35.749172,16,1
12,5000,3,2,24.913451,16,1
12,5000,3,2,51.534357,16,1
12,5000,3,2,15.674865,16,1
12,5000,3,2,12.372177,16,1
12,5000,3,2,31.27347,16,1
12,5000,3,2,9.474093,16,1
12,5000,3,2,41.858695,16,1
12,5000,3,2,20.614731,16,1
12,5000,3,2,7.650112,16,1
12,5000,3,2,46.34334,16,1
12,5000,3,2000,31.70257,16,1
12,5000,3,2000,34.536109,16,1
12,5000,3,2000,34.430669,16,1
12,5000,3,2000,34.942215,16,1
12,5000,3,2000,35.327191,16,1
12,5000,3,2000,32.71268,16,1
12,5000,3,2000,33.658079,16,1
12,5000,3,2000,32.116332,16,1
12,5000,3,2000,32.908579,16,1
12,5000,3,2000,33.956093,16,1
12,5000,3,2,21.152426,16,1
12,5000,3,2,12.465481,16,1
12,5000,3,2,15.634899,16,1
12,5000,3,2,44.694667,16,1
12,5000,3,2,14.474922,16,1
12,5000,3,2,12.429077,16,1
12,5000,3,2,41.426861,16,1
12,5000,3,2,15.53892,16,1
12,5000,3,2,12.434881,16,1
12,5000,3,2,35.773689,16,1
12,5000,3,2000,35.000855,16,1
12,5000,3,2000,33.912291,16,1
12,5000,3,2000,35.424271,16,1
12,5000,3,2000,34.822726,16,1
12,5000,3,2000,34.887049,16,1
12,5000,3,2000,33.040139,16,1
12,5000,3,2000,34.910528,16,1
12,5000,3,2000,32.747666,16,1
12,5000,3,2000,34.563674,16,1
12,5000,3,2000,34.171589,16,1
12,5000,3,2,24.278915,16,1
12,5000,3,2,45.24795,16,1
12,5000,3,2,15.679876,16,1
12,5000,3,2,12.454857,16,1
12,5000,3,2,18.335996,16,1
12,5000,3,2,30.049032,16,1
12,5000,3,2,30.945366,16,1
12,5000,3,2,29.834648,16,1
12,5000,3,2,20.950308,16,1
12,5000,3,2,9.532986,16,1
12,5000,3,2000,37.358211,16,1
12,5000,3,2000,34.201819,16,1
12,5000,3,2000,35.925023,16,1
12,5000,3,2000,34.00365,16,1
12,5000,3,2000,35.296481,16,1
12,5000,3,2000,33.416662,16,1
12,5000,3,2000,34.252076,16,1
12,5000,3,2000,33.093883,16,1
12,5000,3,2000,32.820181,16,1
12,5000,3,2000,35.325261,16,1
12,5000,3,2,12.567316,1,1
12,5000,3,2,29.76816,1,1
12,5000,3,2,30.823246,1,1
12,5000,3,2,16.061023,1,1
12,5000,3,2,12.208448,1,1
12,5000,3,2,38.376694,1,1
12,5000,3,2,21.820444,1,1
12,5000,3,2,12.778649,1,1
12,5000,3,2,21.756607,1,1
12,5000,3,2,50.381727,1,1
12,5000,3,2000,35.999204,1,1
12,5000,3,2000,31.433781,1,1
12,5000,3,2000,35.149476,1,1
12,5000,3,2000,25.971496,1,1
12,5000,3,2000,27.399101,1,1
12,5000,3,2000,30.454034,1,1
12,5000,3,2000,25.512807,1,1
12,5000,3,2000,31.78293,1,1
12,5000,3,2000,27.231999,1,1
12,5000,3,2000,29.922112,1,1
24,5000,3,2000,35.051079,1,1
24,5000,3,2000,31.52636,1,1
24,5000,3,2000,30.424767,1,1
24,5000,3,2000,31.965727,1,1
24,5000,3,2000,33.295036,1,1
24,5000,3,2000,30.449155,1,1
24,5000,3,2000,28.079075,1,1
24,5000,3,2000,30.032803,1,1
24,5000,3,2000,29.598924,1,1
24,5000,3,2000,29.82365,1,1
24,5000,3,2000,29.783256,2,1
24,5000,3,2000,29.077385,2,1
24,5000,3,2000,29.758427,2,1
24,5000,3,2000,27.044519,2,1
24,5000,3,2000,28.197816,2,1
24,5000,3,2000,28.393429,2,1
24,5000,3,2000,30.810589,2,1
24,5000,3,2000,30.511767,2,1
24,5000,3,2000,28.649521,2,1
24,5000,3,2000,28.395919,2,1
24,5000,3,2000,26.762768,2,1
24,5000,3,2000,30.681606,2,1
24,5000,3,2000,28.824989,2,1
24,5000,3,2000,30.635418,2,1
24,5000,3,2000,32.574767,2,1
24,5000,3,2000,30.203146,2,1
24,5000,3,2000,32.549754,4,1
24,5000,3,2000,31.77478,4,1
24,5000,3,2000,32.333862,4,1
24,5000,3,2000,33.766748,4,1
24,5000,3,2000,33.254418,4,1
24,5000,3,2000,33.350997,4,1
24,5000,3,2000,32.91803,4,1
24,5000,3,2000,33.489321,4,1
24,5000,3,2000,28.524991,4,1
24,5000,3,2000,30.741673,4,1
24,5000,3,2000,30.048956,4,1
24,5000,3,2000,27.669167,4,1
24,5000,3,2000,29.893074,4,1
24,5000,3,2000,31.381602,4,1
24,5000,3,2000,30.191063,4,1
24,5000,3,2000,29.859535,4,1
24,5000,3,2000,31.758331,4,1
24,5000,3,2000,32.576819,4,1
24,5000,3,2000,32.306827,4,1
24,5000,3,2000,32.181395,4,1
24,5000,3,2000,33.585272,4,1
24,5000,3,2000,32.155844,4,1
24,5000,3,2000,31.018707,4,1
24,5000,3,2000,33.784588,4,1
24,5000,3,2000,19.087107,4,1
24,5000,3,2000,19.29977,4,1
24,5000,3,2000,17.767472,4,1
24,5000,3,2000,17.219261,4,1
24,5000,3,2000,18.341627,4,1
24,5000,3,2000,16.068809,4,1
24,5000,3,2000,20.181914,4,1
24,5000,3,2000,17.692772,4,1
24,5000,3,2000,32.966516,8,1
24,5000,3,2000,32.250246,8,1
24,5000,3,2000,34.595234,8,1
24,5000,3,2000,33.410008,8,1
24,5000,3,2000,33.326575,8,1
24,5000,3,2000,35.147297,8,1
24,5000,3,2000,33.810165,8,1
24,5000,3,2000,33.98619,8,1
24,5000,3,2000,33.135365,8,1
24,5000,3,2000,34.989222,8,1
24,5000,3,2000,32.900057,8,1
24,5000,3,2000,33.058297,8,1
24,5000,3,2000,31.057753,8,1
24,5000,3,2000,22.349648,8,1
24,5000,3,2000,23.183137,8,1
24,5000,3,2000,20.483394,8,1
24,5000,3,2000,21.137976,8,1
24,5000,3,2000,22.828005,8,1
24,5000,3,2000,23.499423,8,1
24,5000,3,2000,22.866057,8,1
24,5000,3,2000,22.600228,8,1
24,5000,3,2000,21.349395,8,1
24,5000,3,2000,18.564216,8,1
24,5000,3,2000,18.748576,8,1
24,5000,3,2000,34.736689,8,1
24,5000,3,2000,34.204413,8,1
24,5000,3,2000,31.673407,8,1
24,5000,3,2000,35.345854,8,1
24,5000,3,2000,34.650742,8,1
24,5000,3,2000,36.053509,8,1
24,5000,3,2000,35.28934,8,1
24,5000,3,2000,34.920361,8,1
24,5000,3,2000,32.542151,8,1
24,5000,3,2000,33.469556,8,1
24,5000,3,2000,31.99839,8,1
24,5000,3,2000,33.608476,8,1
24,5000,3,2000,33.330751,8,1
24,5000,3,2000,33.883739,8,1
24,5000,3,2000,32.24208,8,1
24,5000,3,2000,33.806723,8,1
24,5000,3,2000,34.935691,8,1
24,5000,3,2000,33.680385,8,1
24,5000,3,2000,34.838884,8,1
24,5000,3,2000,32.52956,8,1
24,5000,3,2000,30.130229,8,1
24,5000,3,2000,35.033009,8,1
24,5000,3,2000,37.298352,8,1
24,5000,3,2000,36.251415,8,1
24,5000,3,2000,34.62769,8,1
24,5000,3,2000,37.296763,8,1
24,5000,3,2000,35.693262,8,1
24,5000,3,2000,36.114896,8,1
24,5000,3,2000,34.322773,8,1
24,5000,3,2000,35.504522,8,1
24,5000,3,2000,35.491774,8,1
24,5000,3,2000,33.706056,8,1
24,5000,3,2000,33.833969,8,1
24,5000,3,2000,34.462124,8,1
24,5000,3,2000,33.428598,8,1
24,5000,3,2000,34.504876,8,1
24,5000,3,2000,35.103584,8,1
24,5000,3,2000,35.616884,8,1
24,5000,3,2000,32.664703,8,1
24,5000,3,2000,34.279077,8,1
24,5000,3,2000,34.872429,16,1
24,5000,3,2000,32.005293,16,1
24,5000,3,2000,33.779708,16,1
24,5000,3,2000,36.213114,16,1
24,5000,3,2000,33.738609,16,1
24,5000,3,2000,34.585829,16,1
24,5000,3,2000,32.964659,16,1
24,5000,3,2000,33.713355,16,1
24,5000,3,2000,34.921283,16,1
24,5000,3,2000,35.727028,16,1
24,5000,3,2000,35.931015,16,1
24,5000,3,2000,36.685854,16,1
24,5000,3,2000,32.529809,16,1
24,5000,3,2000,33.590139,16,1
24,5000,3,2000,32.996339,16,1
24,5000,3,2000,34.515152,16,1
24,5000,3,2000,29.644331,16,1
24,5000,3,2000,25.174719,16,1
24,5000,3,2000,24.956054,16,1
24,5000,3,2000,29.810981,16,1
24,5000,3,2000,33.725669,16,1
24,5000,3,2000,33.946833,16,1
24,5000,3,2000,32.897209,16,1
24,5000,3,2000,31.255014,16,1
24,5000,3,2000,34.649939,16,1
24,5000,3,2000,34.906497,16,1
24,5000,3,2000,33.257808,16,1
24,5000,3,2000,35.15085,16,1
24,5000,3,2000,31.980108,16,1
24,5000,3,2000,32.248564,16,1
24,5000,3,2000,32.745777,16,1
24,5000,3,2000,33.252217,16,1
24,5000,3,2000,34.322671,16,1
24,5000,3,2000,36.488057,16,1
24,5000,3,2000,35.035456,16,1
24,5000,3,2000,36.639012,16,1
24,5000,3,2000,32.219966,16,1
24,5000,3,2000,34.483123,16,1
24,5000,3,2000,32.91804,16,1
24,5000,3,2000,34.393149,16,1
24,5000,3,2000,24.194879,16,1
24,5000,3,2000,25.322585,16,1
24,5000,3,2000,24.195817,16,1
24,5000,3,2000,24.186545,16,1
24,5000,3,2000,24.015656,16,1
24,5000,3,2000,24.698283,16,1
24,5000,3,2000,24.073639,16,1
24,5000,3,2000,22.285787,16,1
24,5000,3,2000,34.736674,16,1
24,5000,3,2000,34.937131,16,1
24,5000,3,2000,34.159823,16,1
24,5000,3,2000,36.164957,16,1
24,5000,3,2000,33.289477,16,1
24,5000,3,2000,33.677695,16,1
24,5000,3,2000,32.548241,16,1
24,5000,3,2000,33.733727,16,1
24,5000,3,2000,24.028694,16,1
24,5000,3,2000,24.240145,16,1
24,5000,3,2000,24.218506,16,1
24,5000,3,2000,22.213663,16,1
24,5000,3,2000,21.920764,16,1
24,5000,3,2000,21.886381,16,1
24,5000,3,2000,27.778419,16,1
24,5000,3,2000,33.813066,16,1
24,5000,3,2000,24.117969,16,1
24,5000,3,2000,24.034099,16,1
24,5000,3,2000,25.096952,16,1
24,5000,3,2000,23.326886,16,1
24,5000,3,2000,20.709073,16,1
24,5000,3,2000,22.176236,16,1
24,5000,3,2000,23.566087,16,1
24,5000,3,2000,24.4101,16,1
24,5000,3,2000,23.564964,16,1
24,5000,3,2000,21.907385,16,1
24,5000,3,2000,26.853445,16,1
24,5000,3,2000,32.726917,16,1
24,5000,3,2000,32.450719,16,1
24,5000,3,2000,33.5069,16,1
24,5000,3,2000,32.392858,16,1
24,5000,3,2000,30.666986,16,1
24,5000,3,2000,24.374352,16,1
24,5000,3,2000,23.275863,16,1
24,5000,3,2000,23.024056,16,1
24,5000,3,2000,21.63578,16,1
24,5000,3,2000,21.210201,16,1
24,5000,3,2000,20.869943,16,1
24,5000,3,2000,21.898002,16,1
24,5000,3,2000,21.406495,16,1
24,5000,3,2000,33.804073,16,1
24,5000,3,2000,36.596354,16,1
24,5000,3,2000,34.166566,16,1
24,5000,3,2000,36.643043,16,1
24,5000,3,2000,32.569185,16,1
24,5000,3,2000,33.290583,16,1
24,5000,3,2000,33.880684,16,1
24,5000,3,2000,33.40787,16,1
24,5000,3,2000,35.321174,16,1
24,5000,3,2000,35.249937,16,1
24,5000,3,2000,35.115953,16,1
24,5000,3,2000,35.400704,16,1
24,5000,3,2000,33.779568,16,1
24,5000,3,2000,33.616157,16,1
24,5000,3,2000,32.163377,16,1
24,5000,3,2000,33.290622,16,1
24,5000,3,2000,34.718232,16,1
24,5000,3,2000,37.248444,16,1
24,5000,3,2000,35.662275,16,1
24,5000,3,2000,36.514496,16,1
24,5000,3,2000,34.431786,16,1
24,5000,3,2000,33.816237,16,1
24,5000,3,2000,32.16379,16,1
24,5000,3,2000,32.258828,16,1
24,5000,3,2000,34.218644,16,1
24,5000,3,2000,35.411963,16,1
24,5000,3,2000,34.785207,16,1
24,5000,3,2000,35.250565,16,1
24,5000,3,2000,33.15395,16,1
24,5000,3,2000,33.784355,16,1
24,5000,3,2000,33.829947,16,1
24,5000,3,2000,34.204969,16,1
24,5000,3,2000,35.104846,16,1
24,5000,3,2000,36.985433,16,1
24,5000,3,2000,34.979891,16,1
24,5000,3,2000,36.395934,16,1
24,5000,3,2000,33.269433,16,1
24,5000,3,2000,34.489023,16,1
24,5000,3,2000,33.984751,16,1
24,5000,3,2000,34.431186,16,1
24,5000,3,2000,28.360446,32,1
24,5000,3,2000,28.45152,32,1
24,5000,3,2000,20.971879,32,1
24,5000,3,2000,17.361827,32,1
24,5000,3,2000,16.238466,32,1
24,5000,3,2000,18.084828,32,1
24,5000,3,2000,16.97551,32,1
24,5000,3,2000,33.966525,32,1
24,5000,3,2000,30.632251,32,1
24,5000,3,2000,29.65836,32,1
24,5000,3,2000,23.654775,32,1
24,5000,3,2000,20.27996,32,1
24,5000,3,2000,22.860628,32,1
24,5000,3,2000,21.1895,32,1
24,5000,3,2000,20.17606,32,1
24,5000,3,2000,19.99208,32,1
24,5000,3,2000,28.737403,32,1
24,5000,3,2000,29.975327,32,1
24,5000,3,2000,22.521364,32,1
24,5000,3,2000,18.810668,32,1
24,5000,3,2000,22.335885,32,1
24,5000,3,2000,20.482737,32,1
24,5000,3,2000,19.938217,32,1
24,5000,3,2000,20.909226,32,1
24,5000,3,2000,28.669296,32,1
24,5000,3,2000,28.983349,32,1
24,5000,3,2000,20.659538,32,1
24,5000,3,2000,17.322471,32,1
24,5000,3,2000,16.359689,32,1
24,5000,3,2000,15.903418,32,1
24,5000,3,2000,17.254507,32,1
24,5000,3,2000,26.97392,32,1
24,5000,3,2000,29.526142,32,1
24,5000,3,2000,29.661355,32,1
24,5000,3,2000,22.680491,32,1
24,5000,3,2000,18.745591,32,1
24,5000,3,2000,23.037237,32,1
24,5000,3,2000,18.942524,32,1
24,5000,3,2000,20.166614,32,1
24,5000,3,2000,21.637029,32,1
24,5000,3,2000,28.965795,32,1
24,5000,3,2000,29.413075,32,1
24,5000,3,2000,22.256231,32,1
24,5000,3,2000,19.001719,32,1
24,5000,3,2000,22.108428,32,1
24,5000,3,2000,19.424336,32,1
24,5000,3,2000,20.374061,32,1
24,5000,3,2000,20.985783,32,1
24,5000,3,2000,29.655891,32,1
24,5000,3,2000,30.163231,32,1
24,5000,3,2000,23.235301,32,1
24,5000,3,2000,19.341792,32,1
24,5000,3,2000,22.769996,32,1
24,5000,3,2000,20.859041,32,1
24,5000,3,2000,21.165973,32,1
24,5000,3,2000,20.336466,32,1
24,5000,3,2000,27.62254,32,1
24,5000,3,2000,27.350622,32,1
24,5000,3,2000,18.716495,32,1
24,5000,3,2000,18.388909,32,1
24,5000,3,2000,15.550726,32,1
24,5000,3,2000,15.234324,32,1
24,5000,3,2000,18.373437,32,1
24,5000,3,2000,33.017963,32,1
24,5000,3,2000,28.066568,32,1
24,5000,3,2000,27.227313,32,1
24,5000,3,2000,18.936418,32,1
24,5000,3,2000,18.307589,32,1
24,5000,3,2000,14.8972,32,1
24,5000,3,2000,16.073524,32,1
24,5000,3,2000,18.013328,32,1
24,5000,3,2000,33.211989,32,1
24,5000,3,2000,29.914077,32,1
24,5000,3,2000,29.887893,32,1
24,5000,3,2000,22.284346,32,1
24,5000,3,2000,18.801865,32,1
24,5000,3,2000,22.615997,32,1
24,5000,3,2000,19.818458,32,1
24,5000,3,2000,20.657013,32,1
24,5000,3,2000,20.795225,32,1
24,5000,3,2000,28.958605,32,1
24,5000,3,2000,30.183662,32,1
24,5000,3,2000,22.515913,32,1
24,5000,3,2000,19.078399,32,1
24,5000,3,2000,22.274758,32,1
24,5000,3,2000,19.754613,32,1
24,5000,3,2000,20.083232,32,1
24,5000,3,2000,20.430978,32,1
24,5000,3,2000,28.237935,32,1
24,5000,3,2000,28.147599,32,1
24,5000,3,2000,20.459703,32,1
24,5000,3,2000,17.435852,32,1
24,5000,3,2000,15.542242,32,1
24,5000,3,2000,15.378832,32,1
24,5000,3,2000,17.238232,32,1
24,5000,3,2000,25.596529,32,1
24,5000,3,2000,27.623639,32,1
24,5000,3,2000,26.561246,32,1
24,5000,3,2000,18.391763,32,1
24,5000,3,2000,17.987352,32,1
24,5000,3,2000,15.05373,32,1
24,5000,3,2000,15.016949,32,1
24,5000,3,2000,17.917929,32,1
24,5000,3,2000,24.796895,32,1
24,5000,3,2000,29.601252,32,1
24,5000,3,2000,29.490843,32,1
24,5000,3,2000,23.745723,32,1
24,5000,3,2000,19.20926,32,1
24,5000,3,2000,23.029509,32,1
24,5000,3,2000,20.49131,32,1
24,5000,3,2000,20.206539,32,1
24,5000,3,2000,21.386942,32,1
24,5000,3,2000,29.370749,32,1
24,5000,3,2000,28.966325,32,1
24,5000,3,2000,22.510205,32,1
24,5000,3,2000,19.224322,32,1
24,5000,3,2000,21.707034,32,1
24,5000,3,2000,19.839408,32,1
24,5000,3,2000,19.745371,32,1
24,5000,3,2000,21.145032,32,1
24,5000,3,2000,28.101536,32,1
24,5000,3,2000,27.264752,32,1
24,5000,3,2000,19.022388,32,1
24,5000,3,2000,16.775035,32,1
24,5000,3,2000,15.288042,32,1
24,5000,3,2000,15.358559,32,1
24,5000,3,2000,17.832247,32,1
24,5000,3,2000,21.350871,32,1
24,5000,3,2000,27.961132,32,1
24,5000,3,2000,28.134628,32,1
24,5000,3,2000,18.513086,32,1
24,5000,3,2000,17.678566,32,1
24,5000,3,2000,15.028774,32,1
24,5000,3,2000,14.874986,32,1
24,5000,3,2000,18.292072,32,1
24,5000,3,2000,23.138764,32,1
24,5000,3,2000,29.208712,32,1
24,5000,3,2000,27.6491,32,1
24,5000,3,2000,22.069084,32,1
24,5000,3,2000,19.87097,32,1
24,5000,3,2000,22.210113,32,1
24,5000,3,2000,20.203469,32,1
24,5000,3,2000,19.534834,32,1
24,5000,3,2000,20.756267,32,1
24,5000,3,2000,28.971626,32,1
24,5000,3,2000,28.426048,32,1
24,5000,3,2000,21.406836,32,1
24,5000,3,2000,17.814172,32,1
24,5000,3,2000,20.540934,32,1
24,5000,3,2000,21.782927,32,1
24,5000,3,2000,21.424366,32,1
24,5000,3,2000,21.780325,32,1
24,5000,3,2000,29.72737,32,1
24,5000,3,2000,29.823839,32,1
24,5000,3,2000,22.938822,32,1
24,5000,3,2000,18.868118,32,1
24,5000,3,2000,22.214781,32,1
24,5000,3,2000,19.236679,32,1
24,5000,3,2000,20.306917,32,1
24,5000,3,2000,21.024616,32,1
24,5000,3,2000,29.648306,32,1
24,5000,3,2000,29.334823,32,1
24,5000,3,2000,22.930405,32,1
24,5000,3,2000,19.256151,32,1
24,5000,3,2000,22.820843,32,1
24,5000,3,2000,19.862438,32,1
24,5000,3,2000,20.830041,32,1
24,5000,3,2000,21.920078,32,1
24,5000,3,2000,29.958339,32,1
24,5000,3,2000,29.379755,32,1
24,5000,3,2000,22.365382,32,1
24,5000,3,2000,19.510029,32,1
24,5000,3,2000,22.519124,32,1
24,5000,3,2000,19.62959,32,1
24,5000,3,2000,20.116752,32,1
24,5000,3,2000,21.345923,32,1
24,5000,3,2000,29.155063,32,1
24,5000,3,2000,28.894935,32,1
24,5000,3,2000,22.23968,32,1
24,5000,3,2000,19.551357,32,1
24,5000,3,2000,22.553306,32,1
24,5000,3,2000,19.474757,32,1
24,5000,3,2000,19.836037,32,1
24,5000,3,2000,20.9441,32,1
24,5000,3,2000,28.358814,32,1
24,5000,3,2000,27.356867,32,1
24,5000,3,2000,19.370313,32,1
24,5000,3,2000,17.741144,32,1
24,5000,3,2000,16.627129,32,1
24,5000,3,2000,20.969076,32,1
24,5000,3,2000,20.531348,32,1
24,5000,3,2000,28.567566,32,1
24,5000,3,2000,29.732059,32,1
24,5000,3,2000,30.159305,32,1
24,5000,3,2000,22.72164,32,1
24,5000,3,2000,18.660125,32,1
24,5000,3,2000,22.504508,32,1
24,5000,3,2000,19.815019,32,1
24,5000,3,2000,19.736483,32,1
24,5000,3,2000,20.400501,32,1
24,5000,3,2000,27.012086,32,1
24,5000,3,2000,29.059778,32,1
24,5000,3,2000,18.897001,32,1
24,5000,3,2000,18.111663,32,1
24,5000,3,2000,16.270004,32,1
24,5000,3,2000,15.950743,32,1
24,5000,3,2000,16.554001,32,1
24,5000,3,2000,27.449344,32,1
24,5000,3,2000,26.845129,32,1
24,5000,3,2000,25.894962,32,1
24,5000,3,2000,17.865543,32,1
24,5000,3,2000,16.449186,32,1
24,5000,3,2000,16.59023,32,1
24,5000,3,2000,15.233887,32,1
24,5000,3,2000,17.072207,32,1
24,5000,3,2000,24.102573,32,1
24,5000,3,2000,29.063692,32,1
24,5000,3,2000,28.843007,32,1
24,5000,3,2000,21.033401,32,1
24,5000,3,2000,17.038909,32,1
24,5000,3,2000,16.125587,32,1
24,5000,3,2000,17.571475,32,1
24,5000,3,2000,17.402885,32,1
24,5000,3,2000,27.185915,32,1
24,5000,3,2000,28.265707,32,1
24,5000,3,2000,28.158452,32,1
24,5000,3,2000,19.325583,32,1
24,5000,3,2000,18.257328,32,1
24,5000,3,2000,15.094965,32,1
24,5000,3,2000,15.682085,32,1
24,5000,3,2000,17.627385,32,1
24,5000,3,2000,34.717738,32,1
24,5000,3,2000,29.661935,32,1
24,5000,3,2000,30.157979,32,1
24,5000,3,2000,22.793647,32,1
24,5000,3,2000,19.383737,32,1
24,5000,3,2000,22.862009,32,1
24,5000,3,2000,20.774171,32,1
24,5000,3,2000,21.409937,32,1
24,5000,3,2000,20.404934,32,1
24,5000,3,2000,29.276207,32,1
24,5000,3,2000,28.89183,32,1
24,5000,3,2000,22.213321,32,1
24,5000,3,2000,18.679054,32,1
24,5000,3,2000,22.469621,32,1
24,5000,3,2000,19.545953,32,1
24,5000,3,2000,19.448024,32,1
24,5000,3,2000,21.387166,32,1
24,5000,3,2000,30.08499,32,1
24,5000,3,2000,30.054884,32,1
24,5000,3,2000,23.1582,32,1
24,5000,3,2000,19.228448,32,1
24,5000,3,2000,21.968093,32,1
24,5000,3,2000,20.067123,32,1
24,5000,3,2000,21.00842,32,1
24,5000,3,2000,21.11147,32,1
24,5000,3,2000,23.470319,64,1
24,5000,3,2000,14.678536,64,1
24,5000,3,2000,14.436111,64,1
24,5000,3,2000,13.517624,64,1
24,5000,3,2000,13.163972,64,1
24,5000,3,2000,13.078573,64,1
24,5000,3,2000,13.126324,64,1
24,5000,3,2000,13.350089,64,1
24,5000,3,2000,23.63606,64,1
24,5000,3,2000,14.806206,64,1
24,5000,3,2000,14.507107,64,1
24,5000,3,2000,13.248993,64,1
24,5000,3,2000,13.356828,64,1
24,5000,3,2000,13.024141,64,1
24,5000,3,2000,13.16704,64,1
24,5000,3,2000,13.261954,64,1
24,5000,3,2000,22.457409,64,1
24,5000,3,2000,13.675093,64,1
24,5000,3,2000,12.14737,64,1
24,5000,3,2000,11.609524,64,1
24,5000,3,2000,11.662937,64,1
24,5000,3,2000,11.601736,64,1
24,5000,3,2000,11.148736,64,1
24,5000,3,2000,19.031066,64,1
24,5000,3,2000,23.752044,64,1
24,5000,3,2000,15.445574,64,1
24,5000,3,2000,14.108615,64,1
24,5000,3,2000,13.193918,64,1
24,5000,3,2000,13.399141,64,1
24,5000,3,2000,12.877346,64,1
24,5000,3,2000,13.402148,64,1
24,5000,3,2000,13.037203,64,1
24,5000,3,2000,23.820835,64,1
24,5000,3,2000,15.591829,64,1
24,5000,3,2000,14.746973,64,1
24,5000,3,2000,13.819458,64,1
24,5000,3,2000,13.956507,64,1
24,5000,3,2000,13.780207,64,1
24,5000,3,2000,13.789828,64,1
24,5000,3,2000,13.206549,64,1
24,5000,3,2000,23.605921,64,1
24,5000,3,2000,15.320089,64,1
24,5000,3,2000,14.256296,64,1
24,5000,3,2000,13.087656,64,1
24,5000,3,2000,13.516388,64,1
24,5000,3,2000,13.052455,64,1
24,5000,3,2000,13.383934,64,1
24,5000,3,2000,13.204971,64,1
24,5000,3,2000,23.029288,64,1
24,5000,3,2000,13.62728,64,1
24,5000,3,2000,11.850366,64,1
24,5000,3,2000,11.781087,64,1
24,5000,3,2000,12.272731,64,1
24,5000,3,2000,12.140082,64,1
24,5000,3,2000,12.753639,64,1
24,5000,3,2000,19.134938,64,1
24,5000,3,2000,23.532536,64,1
24,5000,3,2000,14.738063,64,1
24,5000,3,2000,14.353436,64,1
24,5000,3,2000,13.427336,64,1
24,5000,3,2000,13.62104,64,1
24,5000,3,2000,12.324148,64,1
24,5000,3,2000,13.04229,64,1
24,5000,3,2000,13.795731,64,1
24,5000,3,2000,22.54395,64,1
24,5000,3,2000,13.727906,64,1
24,5000,3,2000,11.971558,64,1
24,5000,3,2000,11.405178,64,1
24,5000,3,2000,11.011197,64,1
24,5000,3,2000,11.601547,64,1
24,5000,3,2000,11.279793,64,1
24,5000,3,2000,25.076848,64,1
24,5000,3,2000,22.538728,64,1
24,5000,3,2000,13.672588,64,1
24,5000,3,2000,11.814754,64,1
24,5000,3,2000,11.590966,64,1
24,5000,3,2000,10.980138,64,1
24,5000,3,2000,11.677142,64,1
24,5000,3,2000,10.833491,64,1
24,5000,3,2000,21.468918,64,1
24,5000,3,2000,23.793606,64,1
24,5000,3,2000,15.981443,64,1
24,5000,3,2000,14.77504,64,1
24,5000,3,2000,13.517271,64,1
24,5000,3,2000,14.152634,64,1
24,5000,3,2000,13.345149,64,1
24,5000,3,2000,12.898181,64,1
24,5000,3,2000,13.830439,64,1
24,5000,3,2000,23.11566,64,1
24,5000,3,2000,14.864839,64,1
24,5000,3,2000,14.491152,64,1
24,5000,3,2000,13.406723,64,1
24,5000,3,2000,13.604932,64,1
24,5000,3,2000,13.380618,64,1
24,5000,3,2000,13.123978,64,1
24,5000,3,2000,13.047564,64,1
24,5000,3,2000,22.574998,64,1
24,5000,3,2000,13.783871,64,1
24,5000,3,2000,11.989267,64,1
24,5000,3,2000,11.736543,64,1
24,5000,3,2000,11.371313,64,1
24,5000,3,2000,11.63356,64,1
24,5000,3,2000,10.995659,64,1
24,5000,3,2000,20.463343,64,1
24,5000,3,2000,23.364925,64,1
24,5000,3,2000,14.706102,64,1
24,5000,3,2000,14.533444,64,1
24,5000,3,2000,13.322391,64,1
24,5000,3,2000,13.502775,64,1
24,5000,3,2000,12.675394,64,1
24,5000,3,2000,13.181321,64,1
24,5000,3,2000,13.288511,64,1
24,5000,3,2000,22.099736,64,1
24,5000,3,2000,13.505527,64,1
24,5000,3,2000,11.657545,64,1
24,5000,3,2000,11.484414,64,1
24,5000,3,2000,10.90373,64,1
24,5000,3,2000,11.820189,64,1
24,5000,3,2000,11.304886,64,1
24,5000,3,2000,20.931407,64,1
24,5000,3,2000,23.619244,64,1
24,5000,3,2000,14.807861,64,1
24,5000,3,2000,14.343277,64,1
24,5000,3,2000,13.474422,64,1
24,5000,3,2000,13.534508,64,1
24,5000,3,2000,12.725134,64,1
24,5000,3,2000,13.336293,64,1
24,5000,3,2000,13.131646,64,1
24,5000,3,2000,22.713485,64,1
24,5000,3,2000,13.785844,64,1
24,5000,3,2000,12.232021,64,1
24,5000,3,2000,11.762644,64,1
24,5000,3,2000,12.108711,64,1
24,5000,3,2000,11.303234,64,1
24,5000,3,2000,11.473314,64,1
24,5000,3,2000,18.353941,64,1
24,5000,3,2000,23.465074,64,1
24,5000,3,2000,14.927977,64,1
24,5000,3,2000,14.266863,64,1
24,5000,3,2000,13.618551,64,1
24,5000,3,2000,13.61781,64,1
24,5000,3,2000,12.847607,64,1
24,5000,3,2000,13.17624,64,1
24,5000,3,2000,12.891915,64,1
24,5000,3,2000,22.814828,64,1
24,5000,3,2000,13.740593,64,1
24,5000,3,2000,12.270281,64,1
24,5000,3,2000,11.554816,64,1
24,5000,3,2000,11.588657,64,1
24,5000,3,2000,11.641497,64,1
24,5000,3,2000,11.283518,64,1
24,5000,3,2000,18.662133,64,1
24,5000,3,2000,22.911092,64,1
24,5000,3,2000,13.585675,64,1
24,5000,3,2000,11.802762,64,1
24,5000,3,2000,11.25823,64,1
24,5000,3,2000,10.872202,64,1
24,5000,3,2000,11.598048,64,1
24,5000,3,2000,11.173854,64,1
24,5000,3,2000,20.693817,64,1
24,5000,3,2000,22.425127,64,1
24,5000,3,2000,14.023373,64,1
24,5000,3,2000,13.306367,64,1
24,5000,3,2000,15.099081,64,1
24,5000,3,2000,13.643443,64,1
24,5000,3,2000,13.024011,64,1
24,5000,3,2000,13.283096,64,1
24,5000,3,2000,13.399412,64,1
24,5000,3,2000,22.876192,64,1
24,5000,3,2000,13.846698,64,1
24,5000,3,2000,12.111392,64,1
24,5000,3,2000,11.631305,64,1
24,5000,3,2000,11.484805,64,1
24,5000,3,2000,11.531672,64,1
24,5000,3,2000,10.874838,64,1
24,5000,3,2000,22.413017,64,1
24,5000,3,2000,22.290634,64,1
24,5000,3,2000,13.761192,64,1
24,5000,3,2000,12.990443,64,1
24,5000,3,2000,13.769636,64,1
24,5000,3,2000,14.039069,64,1
24,5000,3,2000,13.01821,64,1
24,5000,3,2000,13.107347,64,1
24,5000,3,2000,13.854158,64,1
24,5000,3,2000,23.365716,64,1
24,5000,3,2000,14.689345,64,1
24,5000,3,2000,14.349581,64,1
24,5000,3,2000,13.508965,64,1
24,5000,3,2000,13.649167,64,1
24,5000,3,2000,12.816184,64,1
24,5000,3,2000,13.508762,64,1
24,5000,3,2000,13.245253,64,1
24,5000,3,2000,22.842725,64,1
24,5000,3,2000,13.741512,64,1
24,5000,3,2000,11.937621,64,1
24,5000,3,2000,11.304151,64,1
24,5000,3,2000,10.923442,64,1
24,5000,3,2000,11.70963,64,1
24,5000,3,2000,11.058314,64,1
24,5000,3,2000,24.076984,64,1
24,5000,3,2000,22.007973,64,1
24,5000,3,2000,13.831265,64,1
24,5000,3,2000,11.792023,64,1
24,5000,3,2000,11.782099,64,1
24,5000,3,2000,11.454614,64,1
24,5000,3,2000,11.677648,64,1
24,5000,3,2000,11.17799,64,1
24,5000,3,2000,22.3443,64,1
24,5000,3,2000,23.246396,64,1
24,5000,3,2000,14.797611,64,1
24,5000,3,2000,14.511803,64,1
24,5000,3,2000,13.732524,64,1
24,5000,3,2000,13.649251,64,1
24,5000,3,2000,13.047279,64,1
24,5000,3,2000,13.331142,64,1
24,5000,3,2000,13.586929,64,1
24,5000,3,2000,23.453512,64,1
24,5000,3,2000,15.476849,64,1
24,5000,3,2000,14.322862,64,1
24,5000,3,2000,13.316885,64,1
24,5000,3,2000,13.187288,64,1
24,5000,3,2000,12.595445,64,1
24,5000,3,2000,13.411771,64,1
24,5000,3,2000,13.283124,64,1
24,5000,3,2000,23.732018,64,1
24,5000,3,2000,15.504636,64,1
24,5000,3,2000,14.157768,64,1
24,5000,3,2000,13.513759,64,1
24,5000,3,2000,13.522107,64,1
24,5000,3,2000,12.996581,64,1
24,5000,3,2000,13.437362,64,1
24,5000,3,2000,13.562395,64,1
24,5000,3,2000,22.48596,64,1
24,5000,3,2000,13.622756,64,1
24,5000,3,2000,12.017004,64,1
24,5000,3,2000,13.271938,64,1
24,5000,3,2000,13.330265,64,1
24,5000,3,2000,14.038615,64,1
24,5000,3,2000,13.371344,64,1
24,5000,3,2000,14.336789,64,1
24,5000,3,2000,22.82262,64,1
24,5000,3,2000,13.367781,64,1
24,5000,3,2000,11.630895,64,1
24,5000,3,2000,12.089782,64,1
24,5000,3,2000,13.243626,64,1
24,5000,3,2000,12.864739,64,1
24,5000,3,2000,12.644267,64,1
24,5000,3,2000,17.68947,64,1
24,5000,3,2000,22.453266,64,1
24,5000,3,2000,13.379997,64,1
24,5000,3,2000,11.598,64,1
24,5000,3,2000,11.558668,64,1
24,5000,3,2000,11.103501,64,1
24,5000,3,2000,11.376609,64,1
24,5000,3,2000,11.083249,64,1
24,5000,3,2000,21.417144,64,1
24,5000,3,2000,23.717753,64,1
24,5000,3,2000,15.431402,64,1
24,5000,3,2000,14.256729,64,1
24,5000,3,2000,13.443914,64,1
24,5000,3,2000,13.585323,64,1
24,5000,3,2000,12.914157,64,1
24,5000,3,2000,13.63997,64,1
24,5000,3,2000,13.700148,64,1
24,5000,3,2000,23.541181,64,1
24,5000,3,2000,14.043344,64,1
24,5000,3,2000,12.23715,64,1
24,5000,3,2000,11.699216,64,1
24,5000,3,2000,11.840407,64,1
24,5000,3,2000,11.203902,64,1
24,5000,3,2000,11.423048,64,1
24,5000,3,2000,18.055152,64,1
24,5000,3,2000,22.942351,64,1
24,5000,3,2000,14.541655,64,1
24,5000,3,2000,12.438212,64,1
24,5000,3,2000,12.090746,64,1
24,5000,3,2000,11.867583,64,1
24,5000,3,2000,11.550296,64,1
24,5000,3,2000,11.825959,64,1
24,5000,3,2000,16.240817,64,1
24,5000,3,2000,22.966913,64,1
24,5000,3,2000,13.631802,64,1
24,5000,3,2000,12.445037,64,1
24,5000,3,2000,11.602497,64,1
24,5000,3,2000,11.887724,64,1
24,5000,3,2000,11.294561,64,1
24,5000,3,2000,11.035289,64,1
24,5000,3,2000,19.083265,64,1
24,5000,3,2000,23.213651,64,1
24,5000,3,2000,15.328723,64,1
24,5000,3,2000,14.308262,64,1
24,5000,3,2000,13.302954,64,1
24,5000,3,2000,13.377215,64,1
24,5000,3,2000,13.352752,64,1
24,5000,3,2000,13.280827,64,1
24,5000,3,2000,13.626774,64,1
24,5000,3,2000,23.281601,64,1
24,5000,3,2000,14.710854,64,1
24,5000,3,2000,14.369615,64,1
24,5000,3,2000,13.355574,64,1
24,5000,3,2000,13.628886,64,1
24,5000,3,2000,12.741474,64,1
24,5000,3,2000,13.360776,64,1
24,5000,3,2000,13.272665,64,1
24,5000,3,2000,23.127388,64,1
24,5000,3,2000,14.110423,64,1
24,5000,3,2000,13.171212,64,1
24,5000,3,2000,13.798018,64,1
24,5000,3,2000,13.724313,64,1
24,5000,3,2000,12.645404,64,1
24,5000,3,2000,13.038902,64,1
24,5000,3,2000,13.917637,64,1
24,5000,3,2000,22.964115,64,1
24,5000,3,2000,15.143159,64,1
24,5000,3,2000,14.486253,64,1
24,5000,3,2000,12.992695,64,1
24,5000,3,2000,13.826455,64,1
24,5000,3,2000,13.07761,64,1
24,5000,3,2000,12.873138,64,1
24,5000,3,2000,13.02979,64,1
24,5000,3,2000,23.505364,64,1
24,5000,3,2000,15.544862,64,1
24,5000,3,2000,14.535755,64,1
24,5000,3,2000,13.170882,64,1
24,5000,3,2000,13.683589,64,1
24,5000,3,2000,13.419246,64,1
24,5000,3,2000,13.863135,64,1
24,5000,3,2000,13.439726,64,1
24,5000,3,2000,23.01419,64,1
24,5000,3,2000,13.887183,64,1
24,5000,3,2000,12.375893,64,1
24,5000,3,2000,12.093751,64,1
24,5000,3,2000,11.952425,64,1
24,5000,3,2000,11.968892,64,1
24,5000,3,2000,11.465971,64,1
24,5000,3,2000,16.547942,64,1
24,5000,3,2000,22.742253,64,1
24,5000,3,2000,13.621562,64,1
24,5000,3,2000,12.155248,64,1
24,5000,3,2000,11.518633,64,1
24,5000,3,2000,11.313663,64,1
24,5000,3,2000,12.270734,64,1
24,5000,3,2000,11.440922,64,1
24,5000,3,2000,18.414234,64,1
24,5000,3,2000,23.75827,64,1
24,5000,3,2000,15.102761,64,1
24,5000,3,2000,14.268732,64,1
24,5000,3,2000,11.886574,64,1
24,5000,3,2000,11.389937,64,1
24,5000,3,2000,11.502463,64,1
24,5000,3,2000,11.259591,64,1
24,5000,3,2000,15.180699,64,1
24,5000,3,2000,22.778044,64,1
24,5000,3,2000,14.152372,64,1
24,5000,3,2000,13.713902,64,1
24,5000,3,2000,14.458745,64,1
24,5000,3,2000,13.797018,64,1
24,5000,3,2000,12.467019,64,1
24,5000,3,2000,12.937139,64,1
24,5000,3,2000,13.602322,64,1
24,5000,3,2000,22.792669,64,1
24,5000,3,2000,13.875742,64,1
24,5000,3,2000,13.580169,64,1
24,5000,3,2000,14.387202,64,1
24,5000,3,2000,14.139772,64,1
24,5000,3,2000,12.756384,64,1
24,5000,3,2000,12.99955,64,1
24,5000,3,2000,13.449493,64,1
24,5000,3,2000,22.563467,64,1
24,5000,3,2000,13.556516,64,1
24,5000,3,2000,12.024044,64,1
24,5000,3,2000,11.85211,64,1
24,5000,3,2000,12.520876,64,1
24,5000,3,2000,12.567811,64,1
24,5000,3,2000,11.636606,64,1
24,5000,3,2000,18.320688,64,1
24,5000,3,2000,23.005659,64,1
24,5000,3,2000,13.889723,64,1
24,5000,3,2000,12.150336,64,1
24,5000,3,2000,12.015049,64,1
24,5000,3,2000,11.898735,64,1
24,5000,3,2000,11.474492,64,1
24,5000,3,2000,12.124854,64,1
24,5000,3,2000,19.437601,64,1
24,5000,3,2000,32.839222,32,2
24,5000,3,2000,31.830381,32,2
24,5000,3,2000,32.572549,32,2
24,5000,3,2000,20.60013,32,2
24,5000,3,2000,24.97913,32,2
24,5000,3,2000,20.931351,32,2
24,5000,3,2000,18.555706,32,2
24,5000,3,2000,21.928921,32,2
24,5000,3,2000,23.174709,32,2
24,5000,3,2000,20.360625,32,2
24,5000,3,2000,16.560126,32,2
24,5000,3,2000,14.755942,32,2
24,5000,3,2000,15.731863,32,2
24,5000,3,2000,17.335531,32,2
24,5000,3,2000,26.510274,32,2
24,5000,3,2000,26.738573,32,2
24,5000,3,2000,23.385586,32,2
24,5000,3,2000,23.715209,32,2
24,5000,3,2000,16.263929,32,2
24,5000,3,2000,15.899142,32,2
24,5000,3,2000,15.627085,32,2
24,5000,3,2000,15.749257,32,2
24,5000,3,2000,26.244047,32,2
24,5000,3,2000,25.125386,32,2
24,5000,3,2000,23.542976,32,2
24,5000,3,2000,20.257331,32,2
24,5000,3,2000,15.484676,32,2
24,5000,3,2000,13.822668,32,2
24,5000,3,2000,15.768876,32,2
24,5000,3,2000,18.005825,32,2
24,5000,3,2000,24.353379,32,2
24,5000,3,2000,25.36899,32,2
24,5000,3,2000,33.687104,32,2
24,5000,3,2000,31.628803,32,2
24,5000,3,2000,32.266803,32,2
24,5000,3,2000,21.372552,32,2
24,5000,3,2000,25.85802,32,2
24,5000,3,2000,21.970412,32,2
24,5000,3,2000,21.202214,32,2
24,5000,3,2000,23.98587,32,2
24,5000,3,2000,25.589112,32,2
24,5000,3,2000,22.455763,32,2
24,5000,3,2000,15.216472,32,2
24,5000,3,2000,14.421891,32,2
24,5000,3,2000,15.173368,32,2
24,5000,3,2000,16.484404,32,2
24,5000,3,2000,25.161229,32,2
24,5000,3,2000,24.009046,32,2
24,5000,3,2000,33.898592,32,2
24,5000,3,2000,30.401085,32,2
24,5000,3,2000,33.335739,32,2
24,5000,3,2000,20.234539,32,2
24,5000,3,2000,23.971813,32,2
24,5000,3,2000,21.521596,32,2
24,5000,3,2000,18.75847,32,2
24,5000,3,2000,22.758248,32,2
24,5000,3,2000,35.35502,32,2
24,5000,3,2000,30.692033,32,2
24,5000,3,2000,31.941418,32,2
24,5000,3,2000,20.937821,32,2
24,5000,3,2000,23.011497,32,2
24,5000,3,2000,21.970107,32,2
24,5000,3,2000,19.3611,32,2
24,5000,3,2000,22.268024,32,2
24,5000,3,2000,35.208483,32,2
24,5000,3,2000,30.549723,32,2
24,5000,3,2000,31.74784,32,2
24,5000,3,2000,21.094992,32,2
24,5000,3,2000,25.172947,32,2
24,5000,3,2000,21.455754,32,2
24,5000,3,2000,20.309296,32,2
24,5000,3,2000,22.073511,32,2
24,5000,3,2000,21.969813,32,2
24,5000,3,2000,20.419354,32,2
24,5000,3,2000,15.391784,32,2
24,5000,3,2000,13.812491,32,2
24,5000,3,2000,14.240635,32,2
24,5000,3,2000,18.704248,32,2
24,5000,3,2000,22.592653,32,2
24,5000,3,2000,22.735393,32,2
24,5000,3,2000,22.363957,32,2
24,5000,3,2000,23.41402,32,2
24,5000,3,2000,15.187187,32,2
24,5000,3,2000,13.97539,32,2
24,5000,3,2000,14.308622,32,2
24,5000,3,2000,17.373569,32,2
24,5000,3,2000,32.338383,32,2
24,5000,3,2000,31.754688,32,2
24,5000,3,2000,34.851584,32,2
24,5000,3,2000,30.21661,32,2
24,5000,3,2000,32.614253,32,2
24,5000,3,2000,22.272812,32,2
24,5000,3,2000,25.343111,32,2
24,5000,3,2000,21.187094,32,2
24,5000,3,2000,20.315101,32,2
24,5000,3,2000,22.464095,32,2
24,5000,3,2000,34.332428,32,2
24,5000,3,2000,29.920751,32,2
24,5000,3,2000,32.055433,32,2
24,5000,3,2000,20.784213,32,2
24,5000,3,2000,24.859641,32,2
24,5000,3,2000,22.23579,32,2
24,5000,3,2000,20.722381,32,2
24,5000,3,2000,22.687787,32,2
24,5000,3,2000,35.67902,32,2
24,5000,3,2000,29.992457,32,2
24,5000,3,2000,34.794204,32,2
24,5000,3,2000,21.005484,32,2
24,5000,3,2000,24.501717,32,2
24,5000,3,2000,21.604998,32,2
24,5000,3,2000,20.795968,32,2
24,5000,3,2000,22.215569,32,2
24,5000,3,2000,34.978734,32,2
24,5000,3,2000,32.478504,32,2
24,5000,3,2000,33.935231,32,2
24,5000,3,2000,20.859251,32,2
24,5000,3,2000,25.323998,32,2
24,5000,3,2000,20.684831,32,2
24,5000,3,2000,20.716958,32,2
24,5000,3,2000,22.108228,32,2
24,5000,3,2000,34.838922,32,2
24,5000,3,2000,31.059204,32,2
24,5000,3,2000,33.333124,32,2
24,5000,3,2000,22.713215,32,2
24,5000,3,2000,26.828633,32,2
24,5000,3,2000,20.198032,32,2
24,5000,3,2000,20.498446,32,2
24,5000,3,2000,22.52633,32,2
24,5000,3,2000,33.858424,32,2
24,5000,3,2000,30.566216,32,2
24,5000,3,2000,33.264453,32,2
24,5000,3,2000,21.41652,32,2
24,5000,3,2000,25.726765,32,2
24,5000,3,2000,20.722386,32,2
24,5000,3,2000,20.905827,32,2
24,5000,3,2000,22.049045,32,2
24,5000,3,2000,23.789735,32,2
24,5000,3,2000,20.259146,32,2
24,5000,3,2000,14.638209,32,2
24,5000,3,2000,14.583744,32,2
24,5000,3,2000,16.381115,32,2
24,5000,3,2000,17.943568,32,2
24,5000,3,2000,21.910652,32,2
24,5000,3,2000,21.281963,32,2
24,5000,3,2000,34.788065,32,2
24,5000,3,2000,29.716119,32,2
24,5000,3,2000,31.887841,32,2
24,5000,3,2000,21.75501,32,2
24,5000,3,2000,25.489157,32,2
24,5000,3,2000,21.094331,32,2
24,5000,3,2000,20.722121,32,2
24,5000,3,2000,21.299126,32,2
24,5000,3,2000,33.610878,32,2
24,5000,3,2000,29.075233,32,2
24,5000,3,2000,32.582684,32,2
24,5000,3,2000,20.212827,32,2
24,5000,3,2000,22.072553,32,2
24,5000,3,2000,23.472299,32,2
24,5000,3,2000,19.737167,32,2
24,5000,3,2000,22.652602,32,2
24,5000,3,2000,23.727863,32,2
24,5000,3,2000,20.01633,32,2
24,5000,3,2000,15.769502,32,2
24,5000,3,2000,13.141128,32,2
24,5000,3,2000,13.591761,32,2
24,5000,3,2000,20.208337,32,2
24,5000,3,2000,23.88984,32,2
24,5000,3,2000,22.302734,32,2
24,5000,3,2000,24.299823,32,2
24,5000,3,2000,22.496923,32,2
24,5000,3,2000,15.546339,32,2
24,5000,3,2000,14.341652,32,2
24,5000,3,2000,15.282169,32,2
24,5000,3,2000,16.885646,32,2
24,5000,3,2000,25.865261,32,2
24,5000,3,2000,22.884304,32,2
24,5000,3,2000,36.1205,32,2
24,5000,3,2000,31.234363,32,2
24,5000,3,2000,34.511353,32,2
24,5000,3,2000,23.199039,32,2
24,5000,3,2000,23.223498,32,2
24,5000,3,2000,20.584871,32,2
24,5000,3,2000,20.036222,32,2
24,5000,3,2000,20.938111,32,2
24,5000,3,2000,34.034642,32,2
24,5000,3,2000,32.247238,32,2
24,5000,3,2000,33.977709,32,2
24,5000,3,2000,22.719194,32,2
24,5000,3,2000,27.270723,32,2
24,5000,3,2000,20.639506,32,2
24,5000,3,2000,21.500787,32,2
24,5000,3,2000,25.052911,32,2
24,5000,3,2000,35.134443,32,2
24,5000,3,2000,29.97468,32,2
24,5000,3,2000,31.449793,32,2
24,5000,3,2000,21.474487,32,2
24,5000,3,2000,25.144777,32,2
24,5000,3,2000,21.550137,32,2
24,5000,3,2000,20.755115,32,2
24,5000,3,2000,22.174041,32,2
24,5000,3,2000,33.835387,32,2
24,5000,3,2000,31.046485,32,2
24,5000,3,2000,34.777249,32,2
24,5000,3,2000,20.990906,32,2
24,5000,3,2000,26.28683,32,2
24,5000,3,2000,20.698631,32,2
24,5000,3,2000,20.574836,32,2
24,5000,3,2000,23.647354,32,2
24,5000,3,2000,33.638076,32,2
24,5000,3,2000,31.081184,32,2
24,5000,3,2000,32.490929,32,2
24,5000,3,2000,21.504874,32,2
24,5000,3,2000,25.080287,32,2
24,5000,3,2000,21.679413,32,2
24,5000,3,2000,20.396449,32,2
24,5000,3,2000,21.553962,32,2
24,5000,3,2000,33.999756,32,2
24,5000,3,2000,31.704899,32,2
24,5000,3,2000,33.762705,32,2
24,5000,3,2000,20.956426,32,2
24,5000,3,2000,24.910137,32,2
24,5000,3,2000,20.424419,32,2
24,5000,3,2000,19.957855,32,2
24,5000,3,2000,21.36291,32,2
24,5000,3,2000,35.347504,32,2
24,5000,3,2000,31.384095,32,2
24,5000,3,2000,34.873146,32,2
24,5000,3,2000,22.332938,32,2
24,5000,3,2000,29.081131,32,2
24,5000,3,2000,21.45999,32,2
24,5000,3,2000,23.248633,32,2
24,5000,3,2000,26.371618,32,2
24,5000,3,2000,23.518021,32,2
24,5000,3,2000,24.559153,32,2
24,5000,3,2000,16.092514,32,2
24,5000,3,2000,15.39794,32,2
24,5000,3,2000,15.160066,32,2
24,5000,3,2000,15.454484,32,2
24,5000,3,2000,26.729878,32,2
24,5000,3,2000,26.925051,32,2
24,5000,3,2000,24.3605,32,2
24,5000,3,2000,22.170595,32,2
24,5000,3,2000,15.967168,32,2
24,5000,3,2000,15.742805,32,2
24,5000,3,2000,14.534826,32,2
24,5000,3,2000,17.336073,32,2
24,5000,3,2000,25.43151,32,2
24,5000,3,2000,23.545194,32,2
24,5000,3,2000,33.019468,32,2
24,5000,3,2000,32.845794,32,2
24,5000,3,2000,35.33781,32,2
24,5000,3,2000,23.538641,32,2
24,5000,3,2000,27.965737,32,2
24,5000,3,2000,21.936128,32,2
24,5000,3,2000,22.409367,32,2