,Init,Compute
0,0.00018310546875,1.05397200584
1,0.000109910964966,0.889146089554
2,0.000116109848022,0.897847890854
3,0.000107049942017,0.892038106918
4,0.000107049942017,0.890403985977
5,0.000107049942017,0.883672952652
6,0.000108003616333,0.890677928925
7,0.000109195709229,0.892301797867
8,0.000108003616333,1.04197907448
9,0.000110864639282,0.982151985168
10,0.000108003616333,0.903334856033
11,0.000113964080811,0.906672000885
12,0.000132083892822,1.00310206413
13,0.000120878219604,1.08094501495
14,0.000108957290649,0.885149002075
15,0.000111103057861,0.883148908615
16,0.000108957290649,0.96116900444
17,0.000108957290649,1.0127120018
18,0.000114917755127,0.887339115143
19,0.000106811523438,0.885894060135
20,0.000108003616333,0.893502950668
21,0.000282049179077,1.04478788376
22,0.000108003616333,1.00705194473
23,0.000112056732178,1.0394320488
24,0.00016188621521,0.891721010208
25,0.0001060962677,1.01532196999
26,0.000130176544189,1.00656294823
27,0.000110864639282,1.03824210167
28,0.000125885009766,0.891912221909
29,0.000120162963867,1.00714087486
30,0.000117063522339,0.997565984726
31,0.000113964080811,1.01818418503
32,0.000111103057861,0.960646867752
33,0.0001060962677,1.04582190514
34,0.000126123428345,0.999902009964
35,0.000108957290649,0.993860006332
36,0.000108957290649,0.997607946396
37,0.000107049942017,0.937772989273
38,0.000107049942017,0.884783983231
39,0.000108957290649,0.882080078125
40,0.000107049942017,0.87891292572
41,0.000106811523438,0.997784137726
42,0.000108003616333,1.00207304955
43,0.000112056732178,1.01615595818
44,0.000114917755127,1.05410194397
45,0.000124931335449,0.991025924683
46,0.000113964080811,0.89005112648
47,0.000110149383545,0.887739896774
48,0.000128984451294,0.884345054626
49,0.000107049942017,0.881620883942
50,0.000116109848022,0.88592505455
51,0.000123977661133,0.890465021133
52,0.000105857849121,0.890554189682
53,0.000105857849121,0.884093999863
54,0.000105857849121,0.892101049423
55,0.000127792358398,1.08251714706
56,0.000115871429443,1.02783799171
57,0.0001220703125,0.88894200325
58,0.000131130218506,1.00806498528
59,0.000132083892822,1.02594089508
60,0.000113964080811,0.502404928207
61,0.000111818313599,0.887392044067
62,0.000108957290649,0.945109844208
63,0.000163078308105,1.05868005753
64,0.000118970870972,1.03372788429
65,0.000114917755127,1.04541802406
66,0.000114917755127,1.0178592205
67,0.000111818313599,0.885989189148
68,0.000107049942017,0.884290933609
69,0.000106811523438,0.888709068298
70,0.000107049942017,0.9591319561
71,0.000113010406494,1.03740596771
72,0.000118970870972,1.04084587097
73,0.000113964080811,0.98308300972
74,0.000113010406494,0.95907998085
75,0.000108003616333,1.01739096642
76,0.000108003616333,0.963936805725
77,0.000124931335449,0.972559928894
78,0.0001220703125,0.918138027191
79,0.000106811523438,0.933405160904
80,0.000113010406494,0.925494194031
81,0.000107049942017,0.927233934402
82,0.000113010406494,0.937035799026
83,0.0001060962677,0.922636032104
84,0.000125885009766,0.950123071671
85,0.000111818313599,0.927911043167
86,0.0001060962677,0.931423902512
87,0.000105857849121,0.93529510498
88,0.000113010406494,0.954668998718
89,0.000127077102661,0.948619127274
90,0.0001220703125,0.952183008194
91,0.000113010406494,0.931504011154
92,0.000112056732178,0.932137966156
93,0.000128984451294,0.924489974976
94,0.0001060962677,0.924588918686
95,0.000113010406494,0.925570964813
96,0.000107049942017,0.900747060776
97,0.000107049942017,0.926935911179
98,0.000125885009766,0.948594093323
99,0.000112056732178,0.938032865524
100,0.000118970870972,0.930339813232
101,0.000105857849121,0.926367044449
102,0.000112056732178,0.933650970459
103,0.000107049942017,0.928469181061
104,0.000106811523438,0.932224988937
105,0.000113010406494,0.945779800415
106,0.000112056732178,0.942842960358
107,0.000116109848022,0.944076061249
108,0.000113010406494,0.93248295784
109,0.0001060962677,0.915181875229
110,0.0001060962677,0.92125582695
111,0.0001060962677,0.929308891296
112,0.000113964080811,0.927048921585
113,0.000113010406494,0.922313928604
114,0.000113010406494,0.947121143341
115,0.000111818313599,0.941044092178
116,0.000113010406494,0.943815946579
117,0.000113010406494,0.911550998688
118,0.0001060962677,0.896176815033
119,0.0001060962677,0.924620866776
120,0.000105857849121,0.902145147324
121,0.000107049942017,0.900851011276
122,0.0001060962677,0.948675870895
123,0.000135898590088,0.952655076981
124,0.000111818313599,0.951581001282
125,0.000113010406494,0.947757005692
126,0.000105857849121,0.909456014633
127,0.000105857849121,0.918689012527
128,0.000106811523438,0.931164979935
129,0.000113010406494,0.954920053482
130,0.000112056732178,0.925380945206
131,0.000113010406494,0.928972005844
132,0.000117063522339,0.927516937256
133,0.0001060962677,0.930505990982
134,0.000128030776978,0.923084020615
135,0.000111818313599,0.953145980835
136,0.000112056732178,0.94460105896
137,0.000112056732178,0.944230079651
138,0.000112056732178,0.908909082413
139,0.000107049942017,0.91972899437
140,0.000105857849121,0.929526090622
141,0.000115156173706,0.975911855698
142,0.000133991241455,0.909955978394
143,0.000118017196655,0.897137880325
144,0.000107049942017,0.897079944611
145,0.000120162963867,0.892976999283
146,0.000105142593384,0.899251937866
147,0.000106811523438,0.905153036118
148,0.000112056732178,0.901124000549
149,0.000118017196655,0.898052930832
150,0.000105857849121,0.917633056641
151,0.0001060962677,0.912282943726
152,0.000113010406494,0.912146091461
153,0.0001060962677,0.923501968384
154,0.0001060962677,0.92064499855
155,0.000121116638184,0.910435914993
156,0.00012993812561,0.922829866409
157,0.000111818313599,0.914726018906
158,0.000105857849121,0.914337158203
159,0.000116109848022,0.922823905945
160,0.000116109848022,0.910951852798
161,0.000115871429443,0.911792039871
162,0.000104904174805,0.918982982635
163,0.000105857849121,0.908617973328
164,0.000104904174805,0.908675909042
165,0.000124931335449,0.903298139572
166,0.000105857849121,0.962755203247
167,0.000112056732178,0.922302961349
168,0.0001060962677,0.896180868149
169,0.000115156173706,0.886015892029
170,0.000114917755127,0.885282039642
171,0.000109910964966,0.968784093857
172,0.000108003616333,0.936607122421
173,0.0001060962677,0.8741979599
174,0.000104904174805,0.872368097305
175,0.000115156173706,0.873081922531
176,0.000107049942017,0.869590997696
177,0.000104904174805,0.869839906693
178,0.0001060962677,0.978767871857
179,0.000112056732178,1.01107192039
180,0.000108003616333,1.01965689659
181,0.000118970870972,1.01026892662
182,0.000108003616333,1.00335407257
183,0.000114917755127,1.00426602364
184,0.000116109848022,1.0172700882
185,0.00011420249939,1.00852179527
186,0.000113964080811,0.997536897659
187,0.00011682510376,0.992671012878
188,0.000108003616333,0.999119997025
189,0.000134944915771,0.997774839401
190,0.000138998031616,0.998203992844
191,0.000127077102661,1.00183701515
192,0.000109195709229,0.999710798264
193,0.000118017196655,1.00753092766
194,0.000108003616333,0.995934963226
195,0.000108003616333,0.995945930481
196,0.00011420249939,1.00952196121
197,0.000113964080811,1.00574707985
198,0.000128030776978,1.00489902496
199,0.000114917755127,0.998112916946
200,0.000108003616333,0.997577905655
201,0.000137805938721,0.984416007996
202,0.000108003616333,0.995078086853
203,0.000108003616333,0.98534488678
204,0.000108003616333,1.00485420227
205,0.000141143798828,1.07095694542
206,0.000124931335449,0.989099025726
207,0.000113964080811,0.879646062851
208,0.000115871429443,0.880578994751
209,0.000105857849121,0.882879972458
210,0.000112056732178,0.877655982971
211,0.000106811523438,0.890142202377
212,0.000118017196655,0.890869140625
213,0.000105857849121,0.886820077896
214,0.0001060962677,0.891069889069
215,0.000104904174805,0.917453050613
216,0.000113010406494,0.933962106705
217,0.000128984451294,0.932245016098
218,0.000106811523438,0.927966117859
219,0.0001060962677,0.915154933929
220,0.000116109848022,0.947674036026
221,0.000115871429443,0.949048995972
222,0.000123023986816,0.946569919586
223,0.000112056732178,0.932215929031
224,0.000117778778076,0.917484998703
225,0.0001060962677,0.896289825439
226,0.000123977661133,0.892536878586
227,0.000108003616333,0.89610004425
228,0.000113964080811,0.897461891174
229,0.000105857849121,0.89296412468
230,0.000105857849121,0.899827003479
231,0.0001060962677,0.899933099747
232,0.000119924545288,0.894278049469
233,0.000105857849121,0.894736051559
234,0.000108003616333,0.900408983231
235,0.0001060962677,0.895115852356
236,0.000114917755127,0.901782989502
237,0.000105857849121,0.895025968552
238,0.000105857849121,0.892774105072
239,0.000105857849121,0.896353006363
240,0.000107049942017,0.901905059814
241,0.00011420249939,0.899574995041
242,0.000105857849121,0.895097017288
243,0.000105857849121,0.907234191895
244,0.000117063522339,0.914745807648
245,0.000107049942017,0.897754907608
246,0.000122785568237,0.985413074493
247,0.000113964080811,0.908118009567
248,0.000113010406494,0.913089036942
249,0.000106811523438,0.908217191696
250,0.000113010406494,0.955733060837
251,0.000107049942017,0.879265069962
252,0.000105857849121,0.890562057495
253,0.000113964080811,0.882509946823
254,0.0001060962677,0.919237852097
255,0.000167846679688,0.926815986633
256,0.000105857849121,0.91468000412
257,0.0001060962677,0.912230968475
258,0.0001060962677,0.897896051407
259,0.000109910964966,0.891772985458
260,0.0001060962677,0.89418387413
261,0.0001060962677,0.892415046692
262,0.000113010406494,0.895334005356
263,0.000118017196655,0.884674072266
264,0.000119924545288,0.894125938416
265,0.000115156173706,0.889282941818
266,0.0001060962677,0.891064882278
267,0.000105142593384,0.881531953812
268,0.000126838684082,0.954997062683
269,0.000113010406494,0.891052007675
270,0.000107049942017,1.01460599899
271,0.000128984451294,1.04113101959
272,0.000108957290649,0.98100399971
273,0.000113010406494,0.895118951797
274,0.000110864639282,0.887712955475
275,0.000107049942017,0.886824846268
276,0.000113010406494,0.996939897537
277,0.00012993812561,1.05527114868
278,0.000125885009766,1.0428841114
279,0.000149011611938,1.00283193588
280,0.000111103057861,1.03915905952
281,0.000115871429443,1.04282307625
282,0.0001380443573,1.03424191475
283,0.000108003616333,1.02462100983
284,0.000142097473145,1.02219200134
285,0.000115156173706,1.0428788662
286,0.000113964080811,1.04769206047
287,0.000113964080811,1.01551914215
288,0.000120878219604,0.607903003693
289,0.000153064727783,0.881160974503
290,0.00011420249939,0.974056959152
291,0.000113010406494,0.910718917847
292,0.000117063522339,0.905031919479
293,0.000120878219604,0.989635944366
294,0.000112056732178,0.874180078506
295,0.000108957290649,0.886974096298
296,0.000108003616333,0.87736582756
297,0.0001060962677,0.988317966461
298,0.000118017196655,0.923367977142
299,0.000125169754028,0.919121980667
300,0.000105857849121,0.90357708931
301,0.000128984451294,0.910283088684
302,0.0001060962677,0.949598073959
303,0.000112056732178,0.873268842697
304,0.000107049942017,0.905328989029
305,0.000114917755127,0.881739139557
306,0.000105857849121,0.864570140839
307,0.000111818313599,0.869060993195
308,0.0001060962677,0.869106054306
309,0.000105857849121,0.867500066757
310,0.000105857849121,0.866020917892
311,0.0001060962677,0.868465900421
312,0.000107049942017,0.862442016602
313,0.000105142593384,0.86577296257
314,0.000105857849121,0.865056991577
315,0.000104904174805,0.864987134933
316,0.000105857849121,0.86083316803
317,0.000104904174805,0.870786190033
318,0.000112056732178,0.861653089523
319,0.000105857849121,0.866394042969
320,0.0001060962677,0.859350919724
321,0.000104904174805,0.870470046997
322,0.000113964080811,0.869663000107
323,0.000105857849121,0.880303144455
324,0.000119209289551,0.902985811234
325,0.000113010406494,0.88955783844
326,0.000107049942017,0.906069040298
327,0.000105857849121,0.924416065216
328,0.000122785568237,0.904059171677
329,0.0001060962677,0.895587921143
330,0.000144004821777,0.923007965088
331,0.000114917755127,0.909154176712
332,0.000118017196655,0.916836023331
333,0.000104904174805,0.910602092743
334,0.000105857849121,0.910215139389
335,0.000107049942017,0.923513174057
336,0.000105857849121,0.950945138931
337,0.000128030776978,0.979903936386
338,0.000143051147461,0.96116399765
339,0.000108957290649,1.02478003502
340,0.000127077102661,0.88863992691
341,0.0001060962677,1.00165104866
342,0.000113010406494,1.00720787048
343,0.000112056732178,1.01788187027
344,0.000113964080811,1.05197906494
345,0.000115156173706,1.00229382515
346,0.000128984451294,0.891683101654
347,0.000114917755127,1.03667807579
348,0.000131130218506,1.04549598694
349,0.000114917755127,1.00517201424
350,0.0001220703125,0.901345968246
351,0.000113964080811,0.894063949585
352,0.000105857849121,0.896849155426
353,0.000114917755127,0.897228002548
354,0.0001060962677,0.889685869217
355,0.000104904174805,0.902095079422
356,0.000123023986816,0.928030967712
357,0.000118970870972,0.92195892334
358,0.000105857849121,1.04040503502
359,0.000113964080811,0.934414148331
360,0.000113964080811,0.94075512886
361,0.000113010406494,0.938915967941
362,0.000113964080811,0.900532960892
363,0.000144958496094,0.917879104614
364,0.000128030776978,0.929384946823
365,0.000112056732178,0.980628013611
366,0.000120878219604,0.888355016708
367,0.000105857849121,0.878242969513
368,0.000114917755127,0.880943059921
369,0.00011420249939,0.885411977768
370,0.0001060962677,0.885515928268
371,0.000113010406494,0.887479066849
372,0.000107049942017,0.896478176117
373,0.0001060962677,0.879288911819
374,0.0001060962677,0.886755943298
375,0.000113964080811,0.882911920547
376,0.000106811523438,0.890367031097
377,0.0001060962677,0.877061843872
378,0.000105857849121,0.888478040695
379,0.000105857849121,0.881629943848
380,0.0001060962677,0.888175010681
381,0.000118970870972,0.890227079391
382,0.000107049942017,0.890734910965
383,0.000105857849121,0.882599115372
384,0.000105857849121,0.893415927887
385,0.000105857849121,0.883539915085
386,0.0001060962677,0.890209913254
387,0.000105142593384,1.02452492714
388,0.000107049942017,0.958353996277
389,0.000133991241455,1.04846000671
390,0.000125169754028,1.05642199516
391,0.000115156173706,1.05358886719
392,0.000118970870972,1.02005600929
393,0.000126123428345,0.88153386116
394,0.000135898590088,0.897206068039
395,0.000120878219604,0.909075021744
396,0.000107049942017,0.887336015701
397,0.0001060962677,0.905449867249
398,0.000106811523438,0.913778066635
399,0.000108003616333,0.912122011185
400,0.000107049942017,0.904371976852
401,0.000105857849121,1.02009510994
402,0.000173091888428,0.978315830231
403,0.000114917755127,0.92005109787
404,0.0001060962677,0.912060976028
405,0.000105857849121,0.914793014526
406,0.0001060962677,0.941974878311
407,0.000104904174805,0.93444609642
408,0.000147104263306,0.921115875244
409,0.0001060962677,0.920152902603
410,0.000107049942017,0.932715892792
411,0.000112056732178,0.933928012848
412,0.00012993812561,0.912643909454
413,0.000105857849121,0.913197040558
414,0.000143051147461,0.915729999542
415,0.000113010406494,0.940944910049
416,0.000113964080811,0.930788993835
417,0.000113010406494,0.897519826889
418,0.000119924545288,0.890730857849
419,0.0001060962677,0.92445898056
420,0.000104904174805,0.899837017059
421,0.000113010406494,1.36731791496
422,0.000123023986816,0.89959192276
423,0.0001060962677,0.88488984108
424,0.000107049942017,0.935370922089
425,0.000169992446899,1.01671099663
426,0.000195980072021,0.914383888245
427,0.00011682510376,0.957911014557
428,0.000128984451294,0.905469894409
429,0.000108003616333,0.934969902039
430,0.000113010406494,0.941184997559
431,0.000119924545288,1.01269817352
432,0.000113964080811,0.977639913559
433,0.000185012817383,0.943950891495
434,0.000106811523438,0.893779039383
435,0.000105857849121,0.897011995316
436,0.000111818313599,0.897691011429
437,0.000110149383545,0.894593954086
438,0.0001060962677,0.886799812317
439,0.000105857849121,0.89067697525
440,0.000107049942017,0.888839006424
441,0.000105857849121,0.885050058365
442,0.000107049942017,0.899155139923
443,0.000113010406494,0.892668962479
444,0.000123023986816,0.941493034363
445,0.000113964080811,0.897321939468
446,0.000113964080811,0.892998933792
447,0.000119924545288,0.885277032852
448,0.000120162963867,0.895037889481
449,0.000105857849121,0.901225090027
450,0.000137090682983,0.890974998474
451,0.000108957290649,0.890506982803
452,0.000105857849121,0.893465042114
453,0.000116109848022,0.893184900284
454,0.000108003616333,0.903967142105
455,0.000110149383545,0.895180940628
456,0.000107049942017,0.894525766373
457,0.000105857849121,0.890034198761
458,0.0001060962677,0.894556999207
459,0.000105857849121,0.890087127686
460,0.00012993812561,0.889024972916
461,0.000113010406494,0.897583961487
462,0.0001060962677,0.896814823151
463,0.000112056732178,0.889722108841
464,0.000107049942017,1.04008412361
465,0.000108003616333,0.898206949234
466,0.000125885009766,0.889976024628
467,0.0001060962677,0.89790892601
468,0.0001060962677,1.00779509544
469,0.00013279914856,0.932813167572
470,0.000124931335449,0.881908893585
471,0.000106811523438,0.889688014984
472,0.000107049942017,0.87454199791
473,0.0001060962677,0.875836849213
474,0.0001060962677,0.918857812881
475,0.000112056732178,0.97765994072
476,0.000138998031616,0.986549854279
477,0.000126838684082,0.896770954132
478,0.000108957290649,0.894224882126
479,0.000107049942017,0.89785695076
480,0.000108003616333,0.893895864487
481,0.000107049942017,0.891184806824
482,0.0001060962677,0.892777919769
483,0.0001060962677,0.891826868057
484,0.0001060962677,0.8946788311
485,0.000128984451294,0.890284061432
486,0.000106811523438,0.890427112579
487,0.000107049942017,0.896268844604
488,0.000112056732178,0.898627996445
489,0.000109910964966,0.993402957916
490,0.000133037567139,1.04207205772
491,0.000112056732178,1.01558184624
492,0.000109910964966,1.0225250721
493,0.000123977661133,1.08215904236
494,0.000175952911377,0.906632900238
495,0.000110149383545,0.891784906387
496,0.000131845474243,0.926818132401
497,0.000127077102661,0.945098876953
498,0.000126838684082,0.887413978577
499,0.000109910964966,0.888643026352
500,0.000107049942017,0.88992190361
501,0.000106811523438,0.891400098801
502,0.000141143798828,0.888792037964
503,0.000126838684082,0.888506174088
504,0.00011682510376,0.88920712471
505,0.0001060962677,0.893436908722
506,0.000107049942017,0.888966083527
507,0.0001060962677,0.887612819672
508,0.000105857849121,0.957480192184
509,0.000108003616333,0.900830030441
510,0.000106811523438,0.890965223312
511,0.000107049942017,0.890650987625
512,0.0001060962677,0.894085884094
513,0.000105857849121,0.890396118164
514,0.0001060962677,0.986200809479
515,0.000120878219604,0.956837892532
516,0.000112056732178,0.886386871338
517,0.0001060962677,0.890836954117
518,0.0001060962677,0.893239974976
519,0.000105857849121,1.06064414978
520,0.000108003616333,0.902428150177
521,0.000118017196655,0.894035100937
522,0.000105857849121,0.892634153366
523,0.000107049942017,0.890899181366
524,0.000105142593384,0.887810945511
525,0.000105857849121,0.887359142303
526,0.0001060962677,0.887626886368
527,0.0001060962677,0.882718086243
528,0.000114917755127,0.894481182098
529,0.0001060962677,0.897914886475
530,0.000109195709229,0.889266967773
531,0.000105857849121,0.89009308815
532,0.0001060962677,0.8855509758
533,0.0001060962677,0.95818901062
534,0.000126838684082,1.00244116783
535,0.000128030776978,0.998373985291
536,0.000111103057861,0.89408993721
537,0.000105857849121,0.890042066574
538,0.0001060962677,0.92019200325
539,0.0001060962677,0.971401929855
540,0.0001220703125,0.942445039749
541,0.0001060962677,0.909270048141
542,0.000112056732178,0.978902816772
543,0.000107049942017,0.97057390213
544,0.000110864639282,0.931090116501
545,0.000105857849121,0.915796041489
546,0.000106811523438,0.918290138245
547,0.000124931335449,0.930115938187
548,0.0001060962677,0.904243946075
549,0.000105857849121,0.912055015564
550,0.0001060962677,0.896301984787
551,0.00012993812561,0.992222070694
552,0.000133037567139,0.959709882736
553,0.000120878219604,0.910525083542
554,0.000118970870972,0.896639108658
555,0.000121116638184,0.92705988884
556,0.000107049942017,1.01093506813
557,0.000153064727783,1.10539889336
558,0.000108957290649,1.04327511787
559,0.000128030776978,1.01822590828
560,0.000128984451294,1.01862287521
561,0.000124931335449,0.996864080429
562,0.000138998031616,0.950791120529
563,0.000111103057861,0.906672954559
564,0.000113010406494,0.627916812897
565,0.000109910964966,0.90302491188
566,0.000107049942017,1.05779790878
567,0.000128030776978,0.903705120087
568,0.000115156173706,0.899278879166
569,0.0001060962677,0.900709867477
570,0.000107049942017,1.06030702591
571,0.000119924545288,1.04292702675
572,0.000120162963867,0.974638938904
573,0.000113010406494,0.98592710495
574,0.000114917755127,0.923271179199
575,0.000126123428345,0.938233852386
576,0.000123977661133,0.927031040192
577,0.0001060962677,0.910191774368
578,0.000106811523438,0.908931016922
579,0.000107049942017,0.937448978424
580,0.000118970870972,0.933845043182
581,0.000123023986816,0.912178039551
582,0.000107049942017,0.901489019394
583,0.0001060962677,0.931430101395
584,0.000113010406494,0.935150146484
585,0.000123023986816,0.916926145554
586,0.0001060962677,0.911021947861
587,0.000105857849121,0.926146030426
588,0.000121831893921,0.997184038162
589,0.000112056732178,0.883937120438
590,0.000105857849121,0.882202148438
591,0.0001060962677,0.885985851288
592,0.0001060962677,0.884384870529
593,0.0001060962677,0.879065990448
594,0.000104904174805,0.923755168915
595,0.000108003616333,0.954005002975
596,0.000116109848022,0.91507101059
597,0.000128984451294,0.931843042374
598,0.000107049942017,0.932605981827
599,0.0001060962677,0.934183120728
600,0.000135183334351,0.98955488205
601,0.000226974487305,0.939862012863
602,0.000118017196655,1.03778600693
603,0.000113964080811,1.01829099655
604,0.000121831893921,1.03237700462
605,0.000111103057861,1.03764796257
606,0.000108957290649,1.05382299423
607,0.00011420249939,1.04114890099
608,0.000109195709229,0.997403860092
609,0.000147104263306,0.993787050247
610,0.000113010406494,0.993204116821
611,0.000108003616333,1.01589393616
612,0.000108003616333,0.930593013763
613,0.000121116638184,0.890141010284
614,0.000107049942017,0.884044885635
615,0.000107049942017,0.883536100388
616,0.000107049942017,0.985836982727
617,0.000120162963867,0.953729867935
618,0.000111818313599,0.883962154388
619,0.000106811523438,0.891189098358
620,0.000107049942017,0.89044880867
621,0.000108003616333,0.884220123291
622,0.000107049942017,0.883713960648
623,0.0001060962677,0.885020971298
624,0.0001060962677,0.885897874832
625,0.000105857849121,0.891290187836
626,0.000107049942017,0.885885953903
627,0.000107049942017,0.888183116913
628,0.000107049942017,0.887292861938
629,0.000107049942017,0.891463041306
630,0.0001060962677,1.00642490387
631,0.000144004821777,0.973099946976
632,0.000112771987915,0.887359142303
633,0.0001060962677,0.88724398613
634,0.000105857849121,1.07724714279
635,0.000204086303711,0.9114818573
636,0.000118017196655,0.890769004822
637,0.000107049942017,0.887967824936
638,0.0001060962677,0.986093997955
639,0.000118970870972,1.00946998596
640,0.000125885009766,0.894100189209
641,0.000105857849121,0.88113117218
642,0.000105857849121,0.89278793335
643,0.000121831893921,1.03402519226
644,0.000113964080811,1.07622694969
645,0.00014591217041,1.00508308411
646,0.000118017196655,0.99371099472
647,0.000109910964966,1.00749206543
648,0.000113964080811,0.905488014221
649,0.000107049942017,0.908462047577
650,0.000107049942017,0.959063768387
651,0.000112056732178,0.905587911606
652,0.000131845474243,0.898030042648
653,0.000112056732178,0.904947042465
654,0.000113010406494,0.901432037354
655,0.000107049942017,0.895494937897
656,0.0001060962677,0.90673494339
657,0.000108003616333,0.95357298851
658,0.000121831893921,1.00232696533
659,0.000118017196655,1.0150411129
660,0.000108003616333,0.970553159714
661,0.000128984451294,0.899370908737
662,0.000105857849121,0.900094032288
663,0.000116109848022,1.01155495644
664,0.000119924545288,0.987720012665
665,0.000107049942017,0.896097898483
666,0.000267028808594,1.02892398834
667,0.000108003616333,0.89741396904
668,0.000120878219604,0.926120996475
669,0.000108003616333,0.933991193771
670,0.000108003616333,0.93646812439
671,0.000113010406494,0.937845945358
672,0.000132083892822,0.932407140732
673,0.000113964080811,0.98223900795
674,0.000125169754028,0.887236833572
675,0.0001060962677,0.885573863983
676,0.0001060962677,0.878900051117
677,0.0001060962677,0.886400938034
678,0.000114917755127,0.947876930237
679,0.000109910964966,1.01208400726
680,0.000128030776978,1.02978897095
681,0.000107049942017,0.902386903763
682,0.000107049942017,0.898345947266
683,0.000105857849121,0.912504196167
684,0.000109910964966,0.901575088501
685,0.000115156173706,1.03411984444
686,0.000128984451294,0.975591897964
687,0.000133991241455,1.04448390007
688,0.000112056732178,0.973634958267
689,0.000110864639282,1.06441020966
690,0.000124931335449,0.934241056442
691,0.00013279914856,0.903763055801
692,0.000123023986816,1.06103205681
693,0.000117063522339,0.899338960648
694,0.000111103057861,0.900879859924
695,0.000105857849121,0.892138004303
696,0.000108003616333,0.893790006638
697,0.000107049942017,0.889328956604
698,0.000115871429443,0.893695116043
699,0.0001060962677,0.965204954147
700,0.000114917755127,1.0031671524
701,0.000119924545288,1.01884198189
702,0.000111103057861,1.17869091034
703,0.000133037567139,0.89747595787
704,0.000107049942017,0.8952729702
705,0.000118970870972,0.894320011139
706,0.0001060962677,0.886965990067
707,0.0001060962677,0.897578001022
708,0.000105857849121,0.897473096848
709,0.0001060962677,0.901809930801
710,0.000115871429443,0.897311210632
711,0.000117063522339,1.01759910583
712,0.000134944915771,0.900327920914
713,0.000123023986816,0.900810956955
714,0.000106811523438,0.996767044067
715,0.000128984451294,1.02182888985
716,0.000139951705933,0.894482135773
717,0.000121116638184,0.886031866074
718,0.000105857849121,0.969465970993
719,0.000113010406494,1.04320383072
720,0.000119924545288,0.896717071533
721,0.000107049942017,0.892853975296
722,0.000107049942017,0.897175073624
723,0.000107049942017,1.04395890236
724,0.000112056732178,1.01420402527
725,0.0001220703125,0.894706964493
726,0.000108003616333,0.913324117661
727,0.000139951705933,1.01190495491
728,0.000121116638184,0.902773857117
729,0.000105857849121,0.874714136124
730,0.000126123428345,0.881893873215
731,0.000104904174805,0.99024105072
732,0.000109910964966,1.01586103439
733,0.000124931335449,0.935007095337
734,0.000128030776978,0.90976691246
735,0.000107049942017,0.917881965637
736,0.000234842300415,1.0762219429
737,0.000112056732178,0.962848901749
738,0.000112056732178,0.994839906693
739,0.000108003616333,1.08851790428
740,0.000149011611938,0.910769939423
741,0.0001060962677,0.89071393013
742,0.000105857849121,0.888835191727
743,0.000114917755127,0.893954992294
744,0.000115156173706,0.879729986191
745,0.000104904174805,0.889564037323
746,0.000105142593384,0.884449958801
747,0.000108003616333,0.888714075089
748,0.0001060962677,0.890395879745
749,0.000106811523438,0.885546207428
750,0.000108957290649,0.885506153107
751,0.000109195709229,0.890259981155
752,0.000107049942017,1.09940814972
753,0.000105857849121,0.888337135315
754,0.000118970870972,0.886857032776
755,0.000105857849121,0.903833150864
756,0.000104904174805,0.894827127457
757,0.000105857849121,0.905757188797
758,0.000109910964966,0.889508008957
759,0.0001060962677,0.893215894699
760,0.000114917755127,0.890717983246
761,0.0001060962677,0.891535997391
762,0.000121116638184,0.884238004684
763,0.000104904174805,0.889704942703
764,0.0001060962677,0.894187927246
765,0.000105857849121,0.894472122192
766,0.00011420249939,0.893731832504
767,0.000105142593384,0.895763874054
768,0.0001060962677,0.893733978271
769,0.000107049942017,0.893692016602
770,0.000114917755127,0.890686035156
771,0.0001060962677,0.89187002182
772,0.000104904174805,0.88999915123
773,0.000105857849121,0.894078969955
774,0.000105857849121,0.920394182205
775,0.000106811523438,0.894905090332
776,0.000115871429443,0.896279096603
777,0.0001060962677,0.895935058594
778,0.0001060962677,0.924518823624
779,0.000150918960571,0.913357019424
780,0.000105857849121,1.0542011261
781,0.000123023986816,0.900069952011
782,0.000133037567139,0.899882078171
783,0.0001060962677,0.977597951889
784,0.000115156173706,1.04072380066
785,0.00011420249939,1.05347394943
786,0.000114917755127,1.02307200432
787,0.000108003616333,1.02613306046
788,0.000114917755127,0.963494062424
789,0.000133037567139,1.05445504189
790,0.000113964080811,1.05452489853
791,0.000113964080811,1.0278711319
792,0.000115871429443,1.04924201965
793,0.000118017196655,1.07310199738
794,0.000118017196655,1.04076695442
795,0.000115156173706,1.00290679932
796,0.000123977661133,0.897666931152
797,0.000123023986816,0.901973962784
798,0.000119924545288,0.899549007416
799,0.000106811523438,0.892164230347
800,0.000116109848022,0.892185926437
801,0.0001060962677,0.89102101326
802,0.0001060962677,0.886240005493
803,0.000106811523438,0.893678188324
804,0.0001060962677,0.896427869797
805,0.000105857849121,0.903007984161
806,0.0001060962677,0.90322303772
807,0.000116109848022,0.890105962753
808,0.00011420249939,0.907320976257
809,0.0001060962677,0.900994777679
810,0.000107049942017,0.903564929962
811,0.000105857849121,0.90607714653
812,0.000106811523438,0.917112112045
813,0.000109195709229,0.545610904694
814,0.000113010406494,0.895887136459
815,0.000109910964966,0.904182910919
816,0.000134944915771,0.891793012619
817,0.000120878219604,0.894030094147
818,0.000108003616333,0.897125005722
819,0.000107049942017,0.895350933075
820,0.0001060962677,0.898031949997
821,0.000107049942017,0.896471977234
822,0.000108957290649,0.917329072952
823,0.000141859054565,0.894490003586
824,0.000113010406494,0.88723897934
825,0.0001060962677,0.88879108429
826,0.000105857849121,0.888783216476
827,0.000112056732178,0.887001037598
828,0.0001060962677,0.889317035675
829,0.000111818313599,0.888424158096
830,0.000123977661133,0.965620994568
831,0.000138998031616,1.02805685997
832,0.000114917755127,1.04910206795
833,0.000114917755127,0.950545072556
834,0.000113010406494,0.894553899765
835,0.000112056732178,1.05627179146
836,0.000113964080811,1.0218091011
837,0.000120878219604,1.03140497208
838,0.000112056732178,0.949643850327
839,0.000159978866577,1.04140996933
840,0.000115871429443,1.01780605316
841,0.000133991241455,0.894206047058
842,0.000108003616333,0.886785984039
843,0.000123977661133,1.06933999062
844,0.000107049942017,0.898380041122
845,0.000126123428345,0.890631914139
846,0.000113964080811,0.887166023254
847,0.000113010406494,1.03662395477
848,0.000136137008667,1.05045986176
849,0.000134944915771,1.03810787201
850,0.000108003616333,1.04792499542
851,0.00011420249939,0.967379808426
852,0.000128984451294,0.889070987701
853,0.000123023986816,0.887575864792
854,0.000105857849121,0.884791135788
855,0.0001060962677,0.982254981995
856,0.000128030776978,0.998371839523
857,0.000110864639282,1.04018998146
858,0.000113964080811,1.09169197083
859,0.000134944915771,0.987009048462
860,0.000187158584595,1.07761096954
861,0.000122785568237,1.05687999725
862,0.000111103057861,0.889288902283
863,0.0001060962677,1.06709885597
864,0.000146150588989,0.897025823593
865,0.000108957290649,0.886840105057
866,0.000105857849121,0.886770963669
867,0.0001060962677,0.881811857224
868,0.000110864639282,0.875600099564
869,0.000105142593384,0.881083011627
870,0.000105857849121,0.882894992828
871,0.000108003616333,0.889530897141
872,0.0001060962677,0.889721870422
873,0.000118017196655,0.883767127991
874,0.0001060962677,0.89185500145
875,0.0001060962677,0.892555952072
876,0.0001060962677,0.890249013901
877,0.000105857849121,0.893624067307
878,0.000104904174805,0.889190196991
879,0.0001060962677,0.889888048172
880,0.000105857849121,0.890459060669
881,0.000130891799927,0.892516136169
882,0.0001060962677,0.894063949585
883,0.000107049942017,0.887121915817
884,0.0001060962677,0.892367839813
885,0.000105857849121,0.903744935989
886,0.000118017196655,0.888283967972
887,0.0001060962677,0.88981294632
888,0.0001060962677,0.8905210495
889,0.000105857849121,0.89312005043
890,0.000105857849121,0.891088962555
891,0.000115156173706,0.888893842697
892,0.000105857849121,0.888607025146
893,0.000105857849121,0.892548084259
894,0.000107049942017,0.890480995178
895,0.000105857849121,0.884948968887
896,0.0001060962677,0.894410848618
897,0.0001060962677,0.899483919144
898,0.000105857849121,0.897386074066
899,0.000115156173706,0.888660907745
900,0.0001060962677,0.895236968994
901,0.000113964080811,0.895637989044
902,0.0001060962677,0.896134853363
903,0.0001060962677,0.893113851547
904,0.000116109848022,0.89948797226
905,0.000107049942017,0.894123792648
906,0.000107049942017,0.897560119629
907,0.000106811523438,0.897735118866
908,0.000113964080811,0.893933057785
909,0.00011682510376,0.89804816246
910,0.000107049942017,0.898989915848
911,0.000107049942017,0.90852189064
912,0.000126123428345,0.900820970535
913,0.000110864639282,0.904620170593
914,0.000123023986816,0.890444040298
915,0.000108957290649,0.905891895294
916,0.000108003616333,0.899523019791
917,0.000107049942017,0.89567899704
918,0.000116109848022,0.897095918655
919,0.0001060962677,0.904607057571
920,0.000108003616333,0.894954919815
921,0.000108003616333,0.899176120758
922,0.000108003616333,0.897178888321
923,0.000106811523438,0.894769191742
924,0.0001060962677,0.974457979202
925,0.000121116638184,0.924160957336
926,0.000113964080811,0.891412973404
927,0.000111103057861,0.899032115936
928,0.000108003616333,0.894167900085
929,0.000105857849121,0.901312112808
930,0.000153064727783,0.890350103378
931,0.000112056732178,0.887130975723
932,0.000107049942017,0.886253833771
933,0.000116109848022,0.884269952774
934,0.000113010406494,0.881775140762
935,0.000111818313599,0.88446521759
936,0.000107049942017,0.886909008026
937,0.000107049942017,0.885845899582
938,0.000107049942017,0.88720703125
939,0.000108957290649,0.890996932983
940,0.000110864639282,0.88433098793
941,0.000107049942017,0.887732982635
942,0.000107049942017,0.881263971329
943,0.000108003616333,0.886254072189
944,0.0001060962677,0.891056060791
945,0.000105857849121,0.885694980621
946,0.000113964080811,0.885924816132
947,0.000107049942017,0.885908126831
948,0.000113964080811,0.888937950134
949,0.000107049942017,0.884171009064
950,0.000113964080811,0.886667013168
951,0.000115871429443,0.885730981827
952,0.000107049942017,0.890501976013
953,0.000104904174805,0.888657093048
954,0.00011682510376,0.891821146011
955,0.0001060962677,0.891649007797
956,0.000106811523438,0.888995170593
957,0.000107049942017,0.881815910339
958,0.000104904174805,0.887625932693
959,0.000105857849121,0.891170024872
960,0.000119209289551,0.88739991188
961,0.000118970870972,0.881886959076
962,0.000105142593384,0.88658285141
963,0.000105142593384,0.880571842194
964,0.000115871429443,0.896482944489
965,0.000110149383545,1.1302549839
966,0.000108003616333,0.878899097443
967,0.000109195709229,0.885329961777
968,0.000128030776978,0.885139942169
969,0.000108003616333,0.884409189224
970,0.000107049942017,0.890199899673
971,0.0001060962677,0.887578964233
972,0.000104904174805,0.874053001404
973,0.000107049942017,0.885665893555
974,0.000110149383545,0.881893873215
975,0.000105857849121,0.883872032166
976,0.000135183334351,0.883246898651
977,0.000105857849121,0.875033140182
978,0.000119924545288,0.878389120102
979,0.0001060962677,0.880473852158
980,0.000105857849121,0.880068063736
981,0.0001060962677,0.887138128281
982,0.000110864639282,0.889115095139
983,0.000107049942017,0.89307808876
984,0.000107049942017,0.890123128891
985,0.000114917755127,0.883650064468
986,0.000105857849121,0.895447969437
987,0.000107049942017,0.888871908188
988,0.000107049942017,0.89790892601
989,0.0001060962677,0.887033939362
990,0.0001060962677,0.903645992279
991,0.000108003616333,1.03650903702
992,0.000111103057861,1.04064202309
993,0.000120162963867,1.03885102272
994,0.000106811523438,0.919435024261
995,0.000112056732178,0.914623975754
996,0.000107049942017,0.906725883484
997,0.000109910964966,0.896883010864
998,0.00011682510376,0.896705150604
999,0.000107049942017,0.896049976349
