t,count,max,mean,min,stddev,p50,p75,p95,p98,p99,p999,mean_rate,m1_rate,m5_rate,m15_rate,rate_unit,duration_unit
1507817637,1,9.664903,9.664903,9.664903,0.000000,9.664903,9.664903,9.664903,9.664903,9.664903,9.664903,0.096364,0.184009,0.196694,0.198892,calls/second,milliseconds
1507817647,587,101.612912,0.481849,0.002104,4.329595,0.154339,0.244141,0.526937,4.527041,7.730168,101.612912,28.880875,9.463904,2.124714,0.845699,calls/second,milliseconds
1507817657,587,101.612912,0.481849,0.002104,4.329595,0.154339,0.244141,0.526937,4.527041,7.730168,101.612912,19.357475,8.011022,2.055058,0.836355,calls/second,milliseconds
1507817667,587,101.612912,0.481849,0.002104,4.329595,0.154339,0.244141,0.526937,4.527041,7.730168,101.612912,14.560328,6.781184,1.987685,0.827113,calls/second,milliseconds
1507817677,587,101.612912,0.481849,0.002104,4.329595,0.154339,0.244141,0.526937,4.527041,7.730168,101.612912,11.665467,5.740148,1.922521,0.817974,calls/second,milliseconds
1507817687,587,101.612912,0.481849,0.002104,4.329595,0.154339,0.244141,0.526937,4.527041,7.730168,101.612912,9.731542,4.858931,1.859493,0.808936,calls/second,milliseconds
1507817697,587,101.612912,0.481849,0.002104,4.329595,0.154339,0.244141,0.526937,4.527041,7.730168,101.612912,8.347734,4.112996,1.798532,0.799997,calls/second,milliseconds
1507817707,636,101.612912,0.422111,0.002104,3.972971,0.012104,0.228616,0.469438,4.527041,6.321468,101.612912,7.916217,4.202490,1.898871,0.845150,calls/second,milliseconds
1507817717,636,101.612912,0.422111,0.002104,3.972971,0.012104,0.228616,0.469438,4.527041,6.321468,101.612912,7.041290,3.557331,1.836619,0.835812,calls/second,milliseconds
1507817727,637,101.612912,0.423225,0.002104,3.963908,0.012485,0.228867,0.518530,4.527041,6.321468,101.612912,6.349409,3.025928,1.779658,0.827678,calls/second,milliseconds
1507817737,637,101.612912,0.423225,0.002104,3.963908,0.012485,0.228867,0.518530,4.527041,6.321468,101.612912,5.773975,2.561393,1.721314,0.818533,calls/second,milliseconds
1507817747,645,101.612912,0.428325,0.002104,3.869838,0.014211,0.245263,0.614649,3.739957,6.321468,101.612912,5.360627,2.289708,1.691055,0.818322,calls/second,milliseconds
1507817757,657,101.612912,0.434239,0.002104,3.717532,0.139742,0.287645,0.605759,1.599783,5.588684,101.612912,5.041564,2.124975,1.675066,0.822551,calls/second,milliseconds
1507817767,678,101.612912,0.433312,0.002104,3.461347,0.193451,0.394302,0.605759,0.838458,5.562251,101.612912,4.831958,2.101954,1.685555,0.835543,calls/second,milliseconds
1507817777,734,101.612912,0.404595,0.001411,3.001755,0.011441,0.368779,0.605759,5.530372,7.789833,23.928345,4.881632,2.685645,1.818502,0.889444,calls/second,milliseconds
1507817787,830,101.612912,0.376151,0.001411,2.463940,0.024797,0.290591,0.851153,1.993877,7.789833,13.548964,5.177209,3.777811,2.074922,0.985840,calls/second,milliseconds
1507817797,830,101.612912,0.376151,0.001411,2.463940,0.024797,0.290591,0.851153,1.993877,7.789833,13.548964,4.873178,3.197848,2.006898,0.974947,calls/second,milliseconds
1507817807,830,101.612912,0.376151,0.001411,2.463940,0.024797,0.290591,0.851153,1.993877,7.789833,13.548964,4.602765,2.706920,1.941104,0.964174,calls/second,milliseconds
1507817817,830,101.612912,0.376151,0.001411,2.463940,0.024797,0.290591,0.851153,1.993877,7.789833,13.548964,4.361096,2.291358,1.877467,0.953520,calls/second,milliseconds
1507817827,830,101.612912,0.376151,0.001411,2.463940,0.024797,0.290591,0.851153,1.993877,7.789833,13.548964,4.143346,1.939593,1.815916,0.942984,calls/second,milliseconds
1507817837,830,101.612912,0.376151,0.001411,2.463940,0.024797,0.290591,0.851153,1.993877,7.789833,13.548964,3.946365,1.641830,1.756383,0.932564,calls/second,milliseconds
1507817847,830,101.612912,0.376151,0.001411,2.463940,0.024797,0.290591,0.851153,1.993877,7.789833,13.548964,3.767214,1.389779,1.698802,0.922260,calls/second,milliseconds
1507817857,830,101.612912,0.376151,0.001411,2.463940,0.024797,0.290591,0.851153,1.993877,7.789833,13.548964,3.603678,1.176422,1.643109,0.912069,calls/second,milliseconds
1507817867,838,101.612912,0.541550,0.001411,2.559489,0.104793,0.379244,1.279529,8.056133,8.056133,13.548964,3.487045,1.123749,1.615687,0.910856,calls/second,milliseconds
1507817877,838,101.612912,0.541550,0.001411,2.559489,0.104793,0.379244,1.279529,8.056133,8.056133,13.548964,3.347721,0.951233,1.562718,0.900791,calls/second,milliseconds
1507817887,840,101.612912,0.535468,0.001411,2.521109,0.104793,0.382621,1.279529,7.789833,8.056133,13.548964,3.226694,0.837184,1.518098,0.893054,calls/second,milliseconds
1507817897,842,101.612912,0.526596,0.001411,2.478627,0.104793,0.394302,1.236915,7.789833,8.056133,13.548964,3.114830,0.740643,1.474940,0.885402,calls/second,milliseconds
1507817907,852,101.612912,0.482175,0.001411,2.268984,0.104793,0.466703,0.953276,6.086627,8.056133,10.535245,3.039380,0.784295,1.459534,0.886686,calls/second,milliseconds
1507817917,870,101.612912,0.423704,0.001411,1.960369,0.104793,0.488278,0.795005,6.086627,8.056133,9.930916,2.996698,0.949174,1.471078,0.896821,calls/second,milliseconds
1507817927,882,101.612912,0.391239,0.001411,1.796692,0.104793,0.432703,0.696774,1.993877,7.789833,9.930916,2.936827,0.987680,1.462191,0.900171,calls/second,milliseconds
1507817937,898,101.612912,0.352130,0.001411,1.606819,0.104793,0.402775,0.659194,1.279529,6.086627,9.930916,2.893758,1.084240,1.466818,0.907916,calls/second,milliseconds
1507817947,906,101.612912,0.338607,0.001411,1.522679,0.104793,0.402775,0.645229,1.186644,6.086627,9.930916,2.828447,1.040604,1.444957,0.906724,calls/second,milliseconds
1507817957,920,101.612912,0.325772,0.001411,1.391255,0.104793,0.466703,0.610738,0.953276,6.086627,9.930916,2.785191,1.086828,1.443101,0.912131,calls/second,milliseconds
1507817967,928,101.612912,0.317136,0.001411,1.318100,0.104793,0.466703,0.552953,0.939203,4.527041,9.930916,2.726787,1.010812,1.415406,0.908676,calls/second,milliseconds
1507817977,934,101.612912,0.315904,0.001411,1.262489,0.187753,0.471715,0.550398,0.795005,1.993877,9.930916,2.666058,0.978449,1.395231,0.907476,calls/second,milliseconds
1507817987,936,101.612912,0.317626,0.001411,1.241712,0.211657,0.447871,0.550398,0.795005,1.511561,9.930916,2.597663,0.860221,1.356101,0.899664,calls/second,milliseconds
1507817997,942,101.612912,0.327320,0.001411,1.178691,0.361411,0.447871,0.547445,0.696774,1.394641,9.930916,2.543768,0.820272,1.331313,0.896353,calls/second,milliseconds
1507818007,973,101.612912,0.367524,0.001411,1.203292,0.027366,0.438310,0.696774,2.891306,6.600014,8.175496,2.558276,1.184956,1.389926,0.920773,calls/second,milliseconds
1507818017,989,101.612912,0.342276,0.001411,1.091508,0.027366,0.428270,0.567220,2.891306,6.600014,8.056133,2.533808,1.251230,1.396922,0.928291,calls/second,milliseconds
1507818027,999,101.612912,0.333309,0.001411,1.029142,0.027366,0.438310,0.578405,2.891306,6.600014,8.056133,2.495512,1.181958,1.377353,0.926873,calls/second,milliseconds
1507818037,1013,101.612912,0.312135,0.001411,0.949148,0.027366,0.417682,0.575556,0.953276,6.086627,8.056133,2.468773,1.241021,1.384433,0.934286,calls/second,milliseconds
1507818047,1019,101.612912,0.303894,0.001411,0.915514,0.027366,0.416395,0.575556,0.795005,2.891306,8.056133,2.424300,1.141334,1.358662,0.930586,calls/second,milliseconds
1507818057,1021,101.612912,0.301182,0.001411,0.903240,0.027366,0.415454,0.567220,0.699571,2.891306,8.056133,2.372655,0.998100,1.320731,0.922520,calls/second,milliseconds
1507818067,1025,101.612912,0.300541,0.001411,0.877423,0.027366,0.416973,0.578405,0.699571,2.891306,8.056133,2.327859,0.908838,1.290655,0.916759,calls/second,milliseconds
1507818077,1027,101.612912,0.307406,0.001411,0.868044,0.027366,0.421666,0.624816,0.994410,2.891306,8.056133,2.280570,0.798740,1.254845,0.908833,calls/second,milliseconds
1507818087,1030,101.612912,0.557273,0.001411,1.965566,0.192872,0.429184,0.994410,6.600014,13.789440,13.789440,2.237553,0.720256,1.223459,0.902096,calls/second,milliseconds
1507818097,1030,101.612912,0.557273,0.001411,1.965566,0.192872,0.429184,0.994410,6.600014,13.789440,13.789440,2.190004,0.609684,1.183349,0.892128,calls/second,milliseconds
1507818107,1030,101.612912,0.557273,0.001411,1.965566,0.192872,0.429184,0.994410,6.600014,13.789440,13.789440,2.144404,0.516086,1.144555,0.882270,calls/second,milliseconds
1507818117,1030,101.612912,0.557273,0.001411,1.965566,0.192872,0.429184,0.994410,6.600014,13.789440,13.789440,2.100678,0.436858,1.107032,0.872522,calls/second,milliseconds
1507818127,1030,101.612912,0.557273,0.001411,1.965566,0.192872,0.429184,0.994410,6.600014,13.789440,13.789440,2.058684,0.369792,1.070739,0.862881,calls/second,milliseconds
1507818137,1030,101.612912,0.557273,0.001411,1.965566,0.192872,0.429184,0.994410,6.600014,13.789440,13.789440,2.018351,0.313022,1.035636,0.853346,calls/second,milliseconds
1507818147,1030,101.612912,0.557273,0.001411,1.965566,0.192872,0.429184,0.994410,6.600014,13.789440,13.789440,1.979562,0.264968,1.001684,0.843917,calls/second,milliseconds
1507818157,1030,101.612912,0.557273,0.001411,1.965566,0.192872,0.429184,0.994410,6.600014,13.789440,13.789440,1.942225,0.224290,0.968845,0.834592,calls/second,milliseconds
1507818167,1030,101.612912,0.557273,0.001411,1.965566,0.192872,0.429184,0.994410,6.600014,13.789440,13.789440,1.906279,0.189858,0.937082,0.825370,calls/second,milliseconds
1507818177,1030,101.612912,0.557273,0.001411,1.965566,0.192872,0.429184,0.994410,6.600014,13.789440,13.789440,1.871649,0.160711,0.906361,0.816250,calls/second,milliseconds
1507818187,1030,101.612912,0.557273,0.001411,1.965566,0.192872,0.429184,0.994410,6.600014,13.789440,13.789440,1.838242,0.136039,0.876647,0.807231,calls/second,milliseconds
1507818197,1030,101.612912,0.557273,0.001411,1.965566,0.192872,0.429184,0.994410,6.600014,13.789440,13.789440,1.806007,0.115154,0.847907,0.798311,calls/second,milliseconds
1507818207,1030,101.612912,0.557273,0.001411,1.965566,0.192872,0.429184,0.994410,6.600014,13.789440,13.789440,1.774856,0.097476,0.820109,0.789490,calls/second,milliseconds
1507818217,1030,101.612912,0.557273,0.001411,1.965566,0.192872,0.429184,0.994410,6.600014,13.789440,13.789440,1.744824,0.082512,0.793223,0.780767,calls/second,milliseconds
1507818227,1030,101.612912,0.557273,0.001411,1.965566,0.192872,0.429184,0.994410,6.600014,13.789440,13.789440,1.715747,0.069845,0.767218,0.772140,calls/second,milliseconds
1507818237,1030,101.612912,0.557273,0.001411,1.965566,0.192872,0.429184,0.994410,6.600014,13.789440,13.789440,1.687643,0.059122,0.742066,0.763608,calls/second,milliseconds
1507818247,1030,101.612912,0.557273,0.001411,1.965566,0.192872,0.429184,0.994410,6.600014,13.789440,13.789440,1.660431,0.050046,0.717738,0.755170,calls/second,milliseconds
1507818257,1030,101.612912,0.557273,0.001411,1.965566,0.192872,0.429184,0.994410,6.600014,13.789440,13.789440,1.634098,0.042363,0.694208,0.746826,calls/second,milliseconds
1507818267,1030,101.612912,0.557273,0.001411,1.965566,0.192872,0.429184,0.994410,6.600014,13.789440,13.789440,1.608568,0.035859,0.671449,0.738574,calls/second,milliseconds
1507818277,1030,101.612912,0.557273,0.001411,1.965566,0.192872,0.429184,0.994410,6.600014,13.789440,13.789440,1.583832,0.030354,0.649436,0.730413,calls/second,milliseconds
1507818287,1030,101.612912,0.557273,0.001411,1.965566,0.192872,0.429184,0.994410,6.600014,13.789440,13.789440,1.559834,0.025694,0.628145,0.722342,calls/second,milliseconds
1507818297,1030,101.612912,0.557273,0.001411,1.965566,0.192872,0.429184,0.994410,6.600014,13.789440,13.789440,1.536588,0.021750,0.607552,0.714360,calls/second,milliseconds
1507818307,1030,101.612912,0.557273,0.001411,1.965566,0.192872,0.429184,0.994410,6.600014,13.789440,13.789440,1.513995,0.018411,0.587634,0.706467,calls/second,milliseconds
1507818317,1030,101.612912,0.557273,0.001411,1.965566,0.192872,0.429184,0.994410,6.600014,13.789440,13.789440,1.492067,0.015584,0.568369,0.698661,calls/second,milliseconds
1507818327,1030,101.612912,0.557273,0.001411,1.965566,0.192872,0.429184,0.994410,6.600014,13.789440,13.789440,1.470764,0.013192,0.549736,0.690941,calls/second,milliseconds
1507818337,1030,101.612912,0.557273,0.001411,1.965566,0.192872,0.429184,0.994410,6.600014,13.789440,13.789440,1.450054,0.011167,0.531713,0.683306,calls/second,milliseconds
1507818347,1030,101.612912,0.557273,0.001411,1.965566,0.192872,0.429184,0.994410,6.600014,13.789440,13.789440,1.429925,0.009452,0.514282,0.675756,calls/second,milliseconds
1507818357,1036,101.612912,0.273099,0.001411,0.762347,0.192872,0.414243,0.535799,0.535799,0.699571,13.789440,1.418561,0.098834,0.517037,0.674913,calls/second,milliseconds
1507818367,1038,101.612912,0.259370,0.001411,0.669593,0.192872,0.412827,0.535799,0.535799,0.578405,13.789440,1.402107,0.113086,0.506589,0.669659,calls/second,milliseconds
1507818377,1038,101.612912,0.259370,0.001411,0.669593,0.192872,0.412827,0.535799,0.535799,0.578405,13.789440,1.383420,0.095725,0.489981,0.662260,calls/second,milliseconds
1507818387,1038,101.612912,0.259370,0.001411,0.669593,0.192872,0.412827,0.535799,0.535799,0.578405,13.789440,1.365223,0.081030,0.473917,0.654942,calls/second,milliseconds
1507818397,1038,101.612912,0.259370,0.001411,0.669593,0.192872,0.412827,0.535799,0.535799,0.578405,13.789440,1.347506,0.068590,0.458380,0.647705,calls/second,milliseconds
1507818407,1044,101.612912,0.253974,0.001411,0.469667,0.192872,0.403724,0.712234,0.712234,0.712234,6.600014,1.337919,0.154007,0.463187,0.647196,calls/second,milliseconds
1507818417,1044,101.612912,0.253974,0.001411,0.469667,0.192872,0.403724,0.712234,0.712234,0.712234,6.600014,1.320992,0.130364,0.448002,0.640045,calls/second,milliseconds
1507818427,1044,101.612912,0.253974,0.001411,0.469667,0.192872,0.403724,0.712234,0.712234,0.712234,6.600014,1.304483,0.110351,0.433315,0.632973,calls/second,milliseconds
1507818437,1046,101.612912,0.252051,0.001411,0.423131,0.192872,0.414243,0.712234,0.712234,0.712234,1.511561,1.290854,0.093410,0.419109,0.625979,calls/second,milliseconds
1507818447,1058,101.612912,0.251683,0.001411,0.320607,0.193451,0.499135,0.540013,0.712234,0.712234,0.712234,1.289745,0.292717,0.451212,0.634525,calls/second,milliseconds
1507818457,1072,101.612912,0.280135,0.001411,0.311382,0.193451,0.540013,0.646435,0.705316,0.712234,0.712234,1.291075,0.461426,0.482262,0.642977,calls/second,milliseconds
1507818467,1078,101.612912,0.281656,0.001411,0.307368,0.194552,0.540013,0.705316,0.788288,0.788288,0.788288,1.282836,0.483979,0.486177,0.642508,calls/second,milliseconds
1507818477,1090,101.612912,0.360325,0.001411,0.606068,0.194552,0.505795,0.712234,3.565303,3.565303,3.565303,1.281871,0.561919,0.502967,0.646452,calls/second,milliseconds
1507818487,1092,101.612912,0.351015,0.001411,0.591137,0.194552,0.499135,0.712234,3.565303,3.565303,3.565303,1.269300,0.537061,0.499592,0.643729,calls/second,milliseconds
1507818497,1106,101.612912,0.312757,0.001411,0.507332,0.194552,0.490575,0.706565,0.788288,3.565303,3.565303,1.270775,0.675931,0.529384,0.652116,calls/second,milliseconds
1507818507,1110,101.612912,0.310946,0.001411,0.490138,0.194734,0.490575,0.705316,0.788288,3.565303,3.565303,1.260888,0.633571,0.525142,0.649331,calls/second,milliseconds
1507818517,1118,101.612912,0.292685,0.001411,0.453692,0.194794,0.487695,0.696774,0.788288,3.565303,3.565303,1.255722,0.659121,0.534153,0.650995,calls/second,milliseconds
1507818527,1127,101.612912,0.282221,0.001411,0.417827,0.343919,0.448539,0.657349,0.712234,3.565303,3.565303,1.251779,0.696739,0.546174,0.653750,calls/second,milliseconds
1507818537,1131,101.612912,0.295751,0.001411,0.401807,0.357917,0.448539,0.657349,0.712234,0.788288,3.565303,1.242410,0.652463,0.541437,0.650952,calls/second,milliseconds
1507818547,1139,101.612912,0.311178,0.001411,0.367837,0.370779,0.448172,0.638005,0.706565,0.788288,3.565303,1.237617,0.676391,0.549968,0.652605,calls/second,milliseconds
1507818557,1145,101.612912,0.335119,0.001411,0.350341,0.375093,0.468527,0.634152,0.706565,0.788288,3.565303,1.230758,0.648673,0.548303,0.650916,calls/second,milliseconds
1507818567,1156,101.612912,0.335100,0.001411,0.311645,0.368035,0.433046,0.634152,0.705316,0.788288,3.565303,1.229371,0.733311,0.569668,0.656983,calls/second,milliseconds
1507818577,1163,101.612912,0.332897,0.001411,0.289508,0.365347,0.398427,0.584163,0.657349,0.712234,3.565303,1.223808,0.731394,0.574077,0.657474,calls/second,milliseconds
1507818587,1211,101.612912,0.253679,0.001411,0.531791,0.022517,0.370599,0.634152,1.610327,4.413278,4.413278,1.261045,1.327871,0.711417,0.703112,calls/second,milliseconds
1507818597,1219,101.612912,0.244757,0.001411,0.508722,0.022517,0.368035,0.584163,1.610327,3.565303,4.413278,1.256298,1.249390,0.714431,0.704195,calls/second,milliseconds
1507818607,1221,101.612912,0.242681,0.001411,0.503088,0.022517,0.367997,0.584163,1.610327,3.565303,4.413278,1.245511,1.087011,0.697511,0.698618,calls/second,milliseconds
1507818617,1221,101.612912,0.242681,0.001411,0.503088,0.022517,0.367997,0.584163,1.610327,3.565303,4.413278,1.232939,0.920135,0.674644,0.690898,calls/second,milliseconds
1507818627,1223,101.612912,0.687184,0.001411,3.301561,0.026384,0.368035,0.712234,4.413278,24.467271,24.467271,1.222593,0.810860,0.659138,0.685480,calls/second,milliseconds
1507818637,1223,101.612912,0.687184,0.001411,3.301561,0.026384,0.368035,0.712234,4.413278,24.467271,24.467271,1.210512,0.686378,0.637529,0.677906,calls/second,milliseconds
1507818647,1223,101.612912,0.687184,0.001411,3.301561,0.026384,0.368035,0.712234,4.413278,24.467271,24.467271,1.198647,0.581006,0.616628,0.670415,calls/second,milliseconds
1507818657,1223,101.612912,0.687184,0.001411,3.301561,0.026384,0.368035,0.712234,4.413278,24.467271,24.467271,1.187016,0.491811,0.596413,0.663007,calls/second,milliseconds
1507818667,1223,101.612912,0.687184,0.001411,3.301561,0.026384,0.368035,0.712234,4.413278,24.467271,24.467271,1.175606,0.416309,0.576860,0.655681,calls/second,milliseconds
1507818677,1223,101.612912,0.687184,0.001411,3.301561,0.026384,0.368035,0.712234,4.413278,24.467271,24.467271,1.164403,0.352398,0.557948,0.648436,calls/second,milliseconds
1507818687,1223,101.612912,0.687184,0.001411,3.301561,0.026384,0.368035,0.712234,4.413278,24.467271,24.467271,1.153423,0.298299,0.539656,0.641271,calls/second,milliseconds
1507818697,1223,101.612912,0.687184,0.001411,3.301561,0.026384,0.368035,0.712234,4.413278,24.467271,24.467271,1.142654,0.252504,0.521964,0.634186,calls/second,milliseconds
1507818707,1223,101.612912,0.687184,0.001411,3.301561,0.026384,0.368035,0.712234,4.413278,24.467271,24.467271,1.132076,0.213740,0.504852,0.627178,calls/second,milliseconds
1507818717,1223,101.612912,0.687184,0.001411,3.301561,0.026384,0.368035,0.712234,4.413278,24.467271,24.467271,1.121693,0.180927,0.488301,0.620248,calls/second,milliseconds
1507818727,1223,101.612912,0.687184,0.001411,3.301561,0.026384,0.368035,0.712234,4.413278,24.467271,24.467271,1.111495,0.153152,0.472293,0.613395,calls/second,milliseconds
1507818737,1223,101.612912,0.687184,0.001411,3.301561,0.026384,0.368035,0.712234,4.413278,24.467271,24.467271,1.101484,0.129640,0.456809,0.606617,calls/second,milliseconds
1507818747,1223,101.612912,0.687184,0.001411,3.301561,0.026384,0.368035,0.712234,4.413278,24.467271,24.467271,1.091656,0.109738,0.441833,0.599914,calls/second,milliseconds
1507818757,1223,101.612912,0.687184,0.001411,3.301561,0.026384,0.368035,0.712234,4.413278,24.467271,24.467271,1.081999,0.092891,0.427348,0.593285,calls/second,milliseconds
1507818767,1223,101.612912,0.687184,0.001411,3.301561,0.026384,0.368035,0.712234,4.413278,24.467271,24.467271,1.072503,0.078631,0.413338,0.586730,calls/second,milliseconds
1507818777,1223,101.612912,0.687184,0.001411,3.301561,0.026384,0.368035,0.712234,4.413278,24.467271,24.467271,1.063186,0.066559,0.399787,0.580246,calls/second,milliseconds
1507818787,1223,101.612912,0.687184,0.001411,3.301561,0.026384,0.368035,0.712234,4.413278,24.467271,24.467271,1.054022,0.056341,0.386681,0.573835,calls/second,milliseconds
1507818797,1223,101.612912,0.687184,0.001411,3.301561,0.026384,0.368035,0.712234,4.413278,24.467271,24.467271,1.045017,0.047692,0.374004,0.567494,calls/second,milliseconds
1507818807,1223,101.612912,0.687184,0.001411,3.301561,0.026384,0.368035,0.712234,4.413278,24.467271,24.467271,1.036164,0.040370,0.361742,0.561224,calls/second,milliseconds
1507818817,1223,101.612912,0.687184,0.001411,3.301561,0.026384,0.368035,0.712234,4.413278,24.467271,24.467271,1.027456,0.034173,0.349883,0.555022,calls/second,milliseconds
1507818827,1223,101.612912,0.687184,0.001411,3.301561,0.026384,0.368035,0.712234,4.413278,24.467271,24.467271,1.018899,0.028927,0.338413,0.548890,calls/second,milliseconds
1507818837,1223,101.612912,0.687184,0.001411,3.301561,0.026384,0.368035,0.712234,4.413278,24.467271,24.467271,1.010479,0.024486,0.327318,0.542825,calls/second,milliseconds
1507818847,1223,101.612912,0.687184,0.001411,3.301561,0.026384,0.368035,0.712234,4.413278,24.467271,24.467271,1.002199,0.020727,0.316587,0.536827,calls/second,milliseconds
1507818857,1223,101.612912,0.687184,0.001411,3.301561,0.026384,0.368035,0.712234,4.413278,24.467271,24.467271,0.994052,0.017545,0.306208,0.530895,calls/second,milliseconds
1507818867,1223,101.612912,0.687184,0.001411,3.301561,0.026384,0.368035,0.712234,4.413278,24.467271,24.467271,0.986039,0.014851,0.296170,0.525029,calls/second,milliseconds
1507818877,1223,101.612912,0.687184,0.001411,3.301561,0.026384,0.368035,0.712234,4.413278,24.467271,24.467271,0.978153,0.012571,0.286460,0.519227,calls/second,milliseconds
1507818887,1223,101.612912,0.687184,0.001411,3.301561,0.026384,0.368035,0.712234,4.413278,24.467271,24.467271,0.970385,0.010642,0.277069,0.513490,calls/second,milliseconds
1507818897,1223,101.612912,0.687184,0.001411,3.301561,0.026384,0.368035,0.712234,4.413278,24.467271,24.467271,0.962753,0.009008,0.267985,0.507816,calls/second,milliseconds
1507818907,1223,101.612912,0.687184,0.001411,3.301561,0.026384,0.368035,0.712234,4.413278,24.467271,24.467271,0.955226,0.007625,0.259200,0.502205,calls/second,milliseconds
1507818917,1223,101.612912,0.687184,0.001411,3.301561,0.026384,0.368035,0.712234,4.413278,24.467271,24.467271,0.947827,0.006454,0.250702,0.496656,calls/second,milliseconds
1507818927,1223,101.612912,0.687184,0.001411,3.301561,0.026384,0.368035,0.712234,4.413278,24.467271,24.467271,0.940541,0.005464,0.242483,0.491168,calls/second,milliseconds
1507818937,1223,101.612912,0.687184,0.001411,3.301561,0.026384,0.368035,0.712234,4.413278,24.467271,24.467271,0.933363,0.004625,0.234534,0.485741,calls/second,milliseconds
1507818947,1223,101.612912,0.687184,0.001411,3.301561,0.026384,0.368035,0.712234,4.413278,24.467271,24.467271,0.926292,0.003915,0.226845,0.480374,calls/second,milliseconds
1507818957,1223,101.612912,0.687184,0.001411,3.301561,0.026384,0.368035,0.712234,4.413278,24.467271,24.467271,0.919324,0.003314,0.219408,0.475066,calls/second,milliseconds
1507818967,1223,101.612912,0.687184,0.001411,3.301561,0.026384,0.368035,0.712234,4.413278,24.467271,24.467271,0.912471,0.002805,0.212215,0.469816,calls/second,milliseconds
1507818977,1223,101.612912,0.687184,0.001411,3.301561,0.026384,0.368035,0.712234,4.413278,24.467271,24.467271,0.905712,0.002374,0.205258,0.464625,calls/second,milliseconds
1507818987,1223,101.612912,0.687184,0.001411,3.301561,0.026384,0.368035,0.712234,4.413278,24.467271,24.467271,0.899054,0.002010,0.198528,0.459491,calls/second,milliseconds
1507818997,1223,101.612912,0.687184,0.001411,3.301561,0.026384,0.368035,0.712234,4.413278,24.467271,24.467271,0.892495,0.001701,0.192020,0.454414,calls/second,milliseconds
1507819007,1223,101.612912,0.687184,0.001411,3.301561,0.026384,0.368035,0.712234,4.413278,24.467271,24.467271,0.886029,0.001440,0.185725,0.449393,calls/second,milliseconds
1507819017,1223,101.612912,0.687184,0.001411,3.301561,0.026384,0.368035,0.712234,4.413278,24.467271,24.467271,0.879656,0.001219,0.179636,0.444427,calls/second,milliseconds
1507819027,1223,101.612912,0.687184,0.001411,3.301561,0.026384,0.368035,0.712234,4.413278,24.467271,24.467271,0.873374,0.001032,0.173747,0.439516,calls/second,milliseconds
1507819037,1223,101.612912,0.687184,0.001411,3.301561,0.026384,0.368035,0.712234,4.413278,24.467271,24.467271,0.867181,0.000874,0.168051,0.434660,calls/second,milliseconds
1507819047,1223,101.612912,0.687184,0.001411,3.301561,0.026384,0.368035,0.712234,4.413278,24.467271,24.467271,0.861075,0.000739,0.162541,0.429857,calls/second,milliseconds
1507819057,1223,101.612912,0.687184,0.001411,3.301561,0.026384,0.368035,0.712234,4.413278,24.467271,24.467271,0.855053,0.000626,0.157213,0.425107,calls/second,milliseconds
1507819067,1223,101.612912,0.687184,0.001411,3.301561,0.026384,0.368035,0.712234,4.413278,24.467271,24.467271,0.849120,0.000530,0.152059,0.420410,calls/second,milliseconds
1507819077,1223,101.612912,0.687184,0.001411,3.301561,0.026384,0.368035,0.712234,4.413278,24.467271,24.467271,0.843265,0.000448,0.147074,0.415765,calls/second,milliseconds
1507819087,1223,101.612912,0.687184,0.001411,3.301561,0.026384,0.368035,0.712234,4.413278,24.467271,24.467271,0.837485,0.000380,0.142252,0.411171,calls/second,milliseconds
1507819097,1223,101.612912,0.687184,0.001411,3.301561,0.026384,0.368035,0.712234,4.413278,24.467271,24.467271,0.831790,0.000321,0.137588,0.406627,calls/second,milliseconds
1507819107,1223,101.612912,0.687184,0.001411,3.301561,0.026384,0.368035,0.712234,4.413278,24.467271,24.467271,0.826174,0.000272,0.133078,0.402134,calls/second,milliseconds
1507819117,1223,101.612912,0.687184,0.001411,3.301561,0.026384,0.368035,0.712234,4.413278,24.467271,24.467271,0.820632,0.000230,0.128715,0.397691,calls/second,milliseconds
1507819127,1223,101.612912,0.687184,0.001411,3.301561,0.026384,0.368035,0.712234,4.413278,24.467271,24.467271,0.815162,0.000195,0.124495,0.393297,calls/second,milliseconds
1507819137,1223,101.612912,0.687184,0.001411,3.301561,0.026384,0.368035,0.712234,4.413278,24.467271,24.467271,0.809765,0.000165,0.120414,0.388951,calls/second,milliseconds
1507819147,1223,101.612912,0.687184,0.001411,3.301561,0.026384,0.368035,0.712234,4.413278,24.467271,24.467271,0.804433,0.000140,0.116466,0.384653,calls/second,milliseconds
1507819157,1223,101.612912,0.687184,0.001411,3.301561,0.026384,0.368035,0.712234,4.413278,24.467271,24.467271,0.799182,0.000118,0.112648,0.380403,calls/second,milliseconds
1507819167,1223,101.612912,0.687184,0.001411,3.301561,0.026384,0.368035,0.712234,4.413278,24.467271,24.467271,0.793989,0.000100,0.108955,0.376199,calls/second,milliseconds
1507819177,1223,101.612912,0.687184,0.001411,3.301561,0.026384,0.368035,0.712234,4.413278,24.467271,24.467271,0.788868,0.000085,0.105383,0.372043,calls/second,milliseconds
1507819187,1223,101.612912,0.687184,0.001411,3.301561,0.026384,0.368035,0.712234,4.413278,24.467271,24.467271,0.783812,0.000072,0.101928,0.367932,calls/second,milliseconds
1507819197,1223,101.612912,0.687184,0.001411,3.301561,0.026384,0.368035,0.712234,4.413278,24.467271,24.467271,0.778825,0.000061,0.098586,0.363866,calls/second,milliseconds
1507819207,1223,101.612912,0.687184,0.001411,3.301561,0.026384,0.368035,0.712234,4.413278,24.467271,24.467271,0.773897,0.000051,0.095354,0.359846,calls/second,milliseconds
1507819217,1223,101.612912,0.687184,0.001411,3.301561,0.026384,0.368035,0.712234,4.413278,24.467271,24.467271,0.769030,0.000043,0.092228,0.355869,calls/second,milliseconds
1507819227,1223,101.612912,0.687184,0.001411,3.301561,0.026384,0.368035,0.712234,4.413278,24.467271,24.467271,0.764225,0.000037,0.089205,0.351937,calls/second,milliseconds
1507819237,1223,101.612912,0.687184,0.001411,3.301561,0.026384,0.368035,0.712234,4.413278,24.467271,24.467271,0.759478,0.000031,0.086280,0.348048,calls/second,milliseconds
1507819247,1223,101.612912,0.687184,0.001411,3.301561,0.026384,0.368035,0.712234,4.413278,24.467271,24.467271,0.754791,0.000026,0.083452,0.344203,calls/second,milliseconds
1507819257,1223,101.612912,0.687184,0.001411,3.301561,0.026384,0.368035,0.712234,4.413278,24.467271,24.467271,0.750161,0.000022,0.080716,0.340399,calls/second,milliseconds
1507819267,1223,101.612912,0.687184,0.001411,3.301561,0.026384,0.368035,0.712234,4.413278,24.467271,24.467271,0.745588,0.000019,0.078069,0.336638,calls/second,milliseconds
1507819277,1223,101.612912,0.687184,0.001411,3.301561,0.026384,0.368035,0.712234,4.413278,24.467271,24.467271,0.741070,0.000016,0.075510,0.332918,calls/second,milliseconds
1507819287,1322,101.612912,0.315569,0.001411,0.958245,0.277297,0.352918,0.480584,3.653795,8.964482,8.964482,0.796234,0.927498,0.264766,0.393505,calls/second,milliseconds
1507819297,1328,101.612912,0.312035,0.001411,0.929599,0.277297,0.353059,0.480584,0.696715,3.653795,8.964482,0.795059,1.481714,0.409105,0.440971,calls/second,milliseconds
1507819307,1338,101.612912,0.301118,0.001411,0.881482,0.277297,0.364277,0.480584,0.696715,3.653795,8.964482,0.796279,1.409041,0.428531,0.447154,calls/second,milliseconds
1507819317,1352,101.612912,0.288204,0.001411,0.818412,0.277297,0.380931,0.480584,0.696715,3.653795,8.964482,0.799850,1.376949,0.453823,0.455473,calls/second,milliseconds
1507819327,1362,101.612912,0.277352,0.001411,0.775569,0.277297,0.377323,0.471636,0.629336,3.653795,8.964482,0.801027,1.347227,0.478176,0.463687,calls/second,milliseconds
1507819337,1374,101.612912,0.262074,0.001411,0.725622,0.277297,0.360767,0.447868,0.629336,3.653795,8.964482,0.803358,1.324625,0.501840,0.471823,calls/second,milliseconds
1507819347,1394,101.612912,0.240811,0.001411,0.651604,0.248197,0.349606,0.438179,0.551049,0.696715,8.964482,0.810315,1.430865,0.551065,0.488721,calls/second,milliseconds
1507819357,1408,101.612912,0.227838,0.001411,0.607047,0.198431,0.340776,0.420527,0.515657,0.696715,8.964482,0.813725,1.424848,0.578842,0.498784,calls/second,milliseconds
1507819367,1424,101.612912,0.223083,0.001411,0.558532,0.226643,0.321896,0.408195,0.515657,0.629336,8.964482,0.818243,1.454294,0.612429,0.510965,calls/second,milliseconds
1507819377,1429,101.612912,0.235853,0.001411,0.554770,0.228171,0.315781,0.423644,0.696715,1.302320,8.964482,0.816425,1.307153,0.608715,0.510840,calls/second,milliseconds
1507819387,1439,101.612912,0.238814,0.001411,0.522748,0.246748,0.309570,0.409883,0.629336,1.302320,8.964482,0.817467,1.261278,0.621598,0.516252,calls/second,milliseconds
1507819397,1455,24.467271,0.245622,0.001411,0.476111,0.250293,0.304228,0.420527,0.515657,1.302320,8.964482,0.821888,1.281296,0.647062,0.526010,calls/second,milliseconds
1507819407,1514,24.467271,0.395055,0.001108,1.973978,0.022578,0.291422,0.428541,5.155881,5.379472,22.424344,0.850407,1.984615,0.824274,0.587426,calls/second,milliseconds
1507819417,1514,24.467271,0.395055,0.001108,1.973978,0.022578,0.291422,0.428541,5.155881,5.379472,22.424344,0.845661,1.679941,0.797251,0.580935,calls/second,milliseconds
1507819427,1514,24.467271,0.395055,0.001108,1.973978,0.022578,0.291422,0.428541,5.155881,5.379472,22.424344,0.840825,1.422039,0.771114,0.574516,calls/second,milliseconds
1507819437,1514,24.467271,0.395055,0.001108,1.973978,0.022578,0.291422,0.428541,5.155881,5.379472,22.424344,0.836312,1.203730,0.745834,0.568168,calls/second,milliseconds
1507819447,1516,24.467271,0.389253,0.001108,1.946921,0.022578,0.294539,0.428541,5.155881,5.379472,22.424344,0.832820,1.050918,0.727994,0.564106,calls/second,milliseconds
1507819457,1516,24.467271,0.389253,0.001108,1.946921,0.022578,0.294539,0.428541,5.155881,5.379472,22.424344,0.828272,0.889583,0.704127,0.557873,calls/second,milliseconds
1507819467,1519,24.467271,0.493832,0.001108,2.055225,0.023429,0.299326,0.587082,6.382154,6.382154,22.424344,0.825402,0.753016,0.681043,0.551708,calls/second,milliseconds
1507819477,1519,24.467271,0.493832,0.001108,2.055225,0.023429,0.299326,0.587082,6.382154,6.382154,22.424344,0.820939,0.681551,0.668469,0.548918,calls/second,milliseconds
1507819487,1519,24.467271,0.493832,0.001108,2.055225,0.023429,0.299326,0.587082,6.382154,6.382154,22.424344,0.816525,0.576921,0.646554,0.542853,calls/second,milliseconds
1507819497,1519,24.467271,0.493832,0.001108,2.055225,0.023429,0.299326,0.587082,6.382154,6.382154,22.424344,0.812159,0.488353,0.625358,0.536854,calls/second,milliseconds
1507819507,1519,24.467271,0.493832,0.001108,2.055225,0.023429,0.299326,0.587082,6.382154,6.382154,22.424344,0.807843,0.413382,0.604856,0.530922,calls/second,milliseconds
1507819517,1519,24.467271,0.493832,0.001108,2.055225,0.023429,0.299326,0.587082,6.382154,6.382154,22.424344,0.803566,0.349920,0.585026,0.525056,calls/second,milliseconds
1507819527,1521,24.467271,0.478992,0.001108,1.977672,0.046553,0.306084,0.587082,6.382154,6.382154,22.424344,0.800393,0.328183,0.572458,0.521470,calls/second,milliseconds
1507819537,1521,24.467271,0.478992,0.001108,1.977672,0.046553,0.306084,0.587082,6.382154,6.382154,22.424344,0.796203,0.277801,0.553691,0.515708,calls/second,milliseconds
1507819547,1523,24.467271,0.453360,0.001108,1.891198,0.046553,0.330088,0.587082,6.382154,6.382154,22.424344,0.793096,0.264579,0.542041,0.512214,calls/second,milliseconds
1507819557,1523,24.467271,0.453360,0.001108,1.891198,0.046553,0.330088,0.587082,6.382154,6.382154,22.424344,0.788990,0.223961,0.524271,0.506554,calls/second,milliseconds
1507819567,1523,24.467271,0.453360,0.001108,1.891198,0.046553,0.330088,0.587082,6.382154,6.382154,22.424344,0.784922,0.189579,0.507083,0.500957,calls/second,milliseconds
1507819577,1535,24.467271,0.317253,0.001108,1.397165,0.046553,0.301246,0.542238,0.696715,6.382154,22.424344,0.787051,0.339583,0.529581,0.508656,calls/second,milliseconds
1507819587,1549,24.467271,0.315759,0.001108,1.157186,0.052945,0.301246,0.549645,2.568324,5.155881,22.424344,0.790177,0.503655,0.558171,0.518511,calls/second,milliseconds
1507819597,1561,24.467271,0.273377,0.001108,0.982240,0.052945,0.307201,0.389285,2.568324,2.568324,22.424344,0.792259,0.615671,0.579432,0.526066,calls/second,milliseconds
1507819607,1565,24.467271,0.263230,0.001108,0.935838,0.052945,0.308403,0.364908,2.568324,2.568324,22.424344,0.790278,0.580004,0.573440,0.524661,calls/second,milliseconds
1507819617,1579,24.467271,0.238413,0.001108,0.797015,0.052945,0.310620,0.415635,0.587082,2.568324,6.382154,0.793341,0.707167,0.600592,0.534339,calls/second,milliseconds
1507819627,1589,24.467271,0.226544,0.001108,0.722121,0.052945,0.309838,0.415635,0.549645,2.568324,6.382154,0.794375,0.750844,0.613632,0.539478,calls/second,milliseconds
1507819637,1597,24.467271,0.216558,0.001108,0.669320,0.052945,0.306071,0.415635,0.437771,2.568324,6.382154,0.794402,0.758390,0.619742,0.542357,calls/second,milliseconds
1507819647,1607,24.467271,0.208472,0.001108,0.610485,0.052945,0.304320,0.415635,0.468231,1.302320,6.382154,0.795419,0.794203,0.632153,0.547408,calls/second,milliseconds
1507819657,1607,24.467271,0.208472,0.001108,0.610485,0.052945,0.304320,0.415635,0.468231,1.302320,6.382154,0.791503,0.672278,0.611429,0.541359,calls/second,milliseconds
1507819667,1609,24.467271,0.207555,0.001108,0.597756,0.052945,0.306051,0.415635,0.468231,0.587082,6.382154,0.788603,0.598496,0.597886,0.537581,calls/second,milliseconds
1507819677,1611,24.467271,0.204874,0.001108,0.583518,0.052945,0.304320,0.415635,0.468231,0.587082,6.382154,0.785733,0.536041,0.584787,0.533845,calls/second,milliseconds
1507819687,1611,24.467271,0.204874,0.001108,0.583518,0.052945,0.304320,0.415635,0.468231,0.587082,6.382154,0.781919,0.453749,0.565616,0.527946,calls/second,milliseconds
1507819697,1613,24.467271,0.202170,0.001108,0.565953,0.052945,0.306051,0.415635,0.468231,0.549645,6.382154,0.779108,0.413516,0.553575,0.524316,calls/second,milliseconds
1507819707,1616,24.467271,0.521417,0.001108,1.745637,0.285694,0.306701,0.810556,9.523372,9.523372,9.523372,0.776805,0.394171,0.545180,0.521828,calls/second,milliseconds
1507819717,1616,24.467271,0.521417,0.001108,1.745637,0.285694,0.306701,0.810556,9.523372,9.523372,9.523372,0.773083,0.333658,0.527306,0.516062,calls/second,milliseconds
1507819727,1616,24.467271,0.521417,0.001108,1.745637,0.285694,0.306701,0.810556,9.523372,9.523372,9.523372,0.769408,0.282436,0.510019,0.510360,calls/second,milliseconds
1507819737,1616,24.467271,0.521417,0.001108,1.745637,0.285694,0.306701,0.810556,9.523372,9.523372,9.523372,0.765762,0.239077,0.493299,0.504721,calls/second,milliseconds
1507819747,1616,24.467271,0.521417,0.001108,1.745637,0.285694,0.306701,0.810556,9.523372,9.523372,9.523372,0.762151,0.202374,0.477127,0.499144,calls/second,milliseconds
1507819757,1616,24.467271,0.521417,0.001108,1.745637,0.285694,0.306701,0.810556,9.523372,9.523372,9.523372,0.758573,0.171306,0.461485,0.493628,calls/second,milliseconds
1507819767,1616,24.467271,0.521417,0.001108,1.745637,0.285694,0.306701,0.810556,9.523372,9.523372,9.523372,0.755029,0.145007,0.446355,0.488174,calls/second,milliseconds
1507819777,1616,24.467271,0.521417,0.001108,1.745637,0.285694,0.306701,0.810556,9.523372,9.523372,9.523372,0.751518,0.122746,0.431722,0.482780,calls/second,milliseconds
1507819787,1616,24.467271,0.521417,0.001108,1.745637,0.285694,0.306701,0.810556,9.523372,9.523372,9.523372,0.748039,0.103902,0.417568,0.477445,calls/second,milliseconds
1507819797,1616,24.467271,0.521417,0.001108,1.745637,0.285694,0.306701,0.810556,9.523372,9.523372,9.523372,0.744592,0.087951,0.403879,0.472170,calls/second,milliseconds
1507819807,1616,24.467271,0.521417,0.001108,1.745637,0.285694,0.306701,0.810556,9.523372,9.523372,9.523372,0.741177,0.074449,0.390638,0.466952,calls/second,milliseconds
1507819817,1616,24.467271,0.521417,0.001108,1.745637,0.285694,0.306701,0.810556,9.523372,9.523372,9.523372,0.737793,0.063020,0.377832,0.461793,calls/second,milliseconds
1507819827,1616,24.467271,0.521417,0.001108,1.745637,0.285694,0.306701,0.810556,9.523372,9.523372,9.523372,0.734438,0.053345,0.365445,0.456690,calls/second,milliseconds
1507819837,1616,24.467271,0.521417,0.001108,1.745637,0.285694,0.306701,0.810556,9.523372,9.523372,9.523372,0.731117,0.045156,0.353464,0.451644,calls/second,milliseconds
1507819847,1616,24.467271,0.521417,0.001108,1.745637,0.285694,0.306701,0.810556,9.523372,9.523372,9.523372,0.727825,0.038224,0.341876,0.446653,calls/second,milliseconds
1507819857,1616,24.467271,0.521417,0.001108,1.745637,0.285694,0.306701,0.810556,9.523372,9.523372,9.523372,0.724561,0.032356,0.330668,0.441718,calls/second,milliseconds
1507819867,1620,24.467271,0.327837,0.001108,1.135749,0.285694,0.332517,0.398838,0.810556,9.523372,9.523372,0.723112,0.086239,0.332832,0.441245,calls/second,milliseconds
1507819877,1620,24.467271,0.327837,0.001108,1.135749,0.285694,0.332517,0.398838,0.810556,9.523372,9.523372,0.719897,0.072999,0.321920,0.436369,calls/second,milliseconds
1507819887,1622,24.467271,0.275274,0.001108,0.958101,0.284274,0.332517,0.398838,0.810556,5.155881,9.523372,0.717599,0.093775,0.317978,0.433764,calls/second,milliseconds
1507819897,1622,24.467271,0.275274,0.001108,0.958101,0.284274,0.332517,0.398838,0.810556,5.155881,9.523372,0.714438,0.079379,0.307553,0.428971,calls/second,milliseconds
1507819907,1628,24.467271,0.210086,0.001108,0.669376,0.282376,0.292639,0.398838,0.398838,0.587082,9.523372,0.713933,0.155468,0.316977,0.430842,calls/second,milliseconds
1507819917,1632,24.467271,0.202682,0.001108,0.569266,0.274983,0.292639,0.435156,0.435156,0.435156,9.523372,0.712565,0.193008,0.319699,0.430501,calls/second,milliseconds
1507819927,1638,24.467271,0.217538,0.001108,0.485685,0.274983,0.323118,0.702083,0.702083,0.702083,9.523372,0.712076,0.254210,0.328834,0.432368,calls/second,milliseconds
1507819937,1644,24.467271,0.209476,0.001108,0.422268,0.274983,0.348120,0.435156,0.702083,0.702083,9.523372,0.711591,0.306017,0.337669,0.434214,calls/second,milliseconds
1507819947,1644,24.467271,0.209476,0.001108,0.422268,0.274983,0.348120,0.435156,0.702083,0.702083,9.523372,0.708525,0.259037,0.326599,0.429416,calls/second,milliseconds
1507819957,1648,24.467271,0.206448,0.001108,0.386536,0.274983,0.357010,0.435156,0.702083,0.702083,9.523372,0.707201,0.278121,0.328896,0.429079,calls/second,milliseconds
1507819967,1652,24.467271,0.202481,0.001108,0.356598,0.274983,0.357010,0.435156,0.702083,0.702083,6.382154,0.705888,0.294274,0.331118,0.428745,calls/second,milliseconds
1507819977,1656,24.467271,0.201933,0.001108,0.331200,0.274983,0.361723,0.398838,0.702083,0.702083,0.810556,0.704587,0.310505,0.333376,0.428428,calls/second,milliseconds
1507819987,1662,24.467271,0.198132,0.001108,0.299801,0.274983,0.360113,0.390641,0.435156,0.702083,0.810556,0.704143,0.356226,0.342171,0.430330,calls/second,milliseconds
1507819997,1666,24.467271,0.191010,0.001108,0.280905,0.274983,0.357522,0.390641,0.435156,0.702083,0.810556,0.702860,0.362946,0.344067,0.429995,calls/second,milliseconds
1507820007,1676,24.467271,0.183818,0.001108,0.246924,0.274983,0.351839,0.385091,0.398838,0.702083,0.702083,0.704108,0.430042,0.359015,0.434083,calls/second,milliseconds
1507820017,1682,24.467271,0.182657,0.001108,0.233679,0.274983,0.342679,0.379335,0.390641,0.435156,0.702083,0.703673,0.486837,0.373472,0.438126,calls/second,milliseconds
1507820027,1686,24.467271,0.182596,0.001108,0.226659,0.274983,0.348120,0.379335,0.390641,0.435156,0.702083,0.702404,0.473506,0.374341,0.437705,calls/second,milliseconds
1507820037,1692,24.467271,0.181591,0.001108,0.216911,0.274983,0.341870,0.378038,0.390641,0.435156,0.702083,0.701982,0.491647,0.381685,0.439492,calls/second,milliseconds
1507820047,1694,24.467271,0.181111,0.001108,0.213397,0.274983,0.338931,0.366371,0.390641,0.435156,0.702083,0.699909,0.448152,0.375783,0.436852,calls/second,milliseconds
1507820057,1698,24.467271,0.184497,0.001108,0.212485,0.274983,0.338931,0.390641,0.503677,0.503677,0.702083,0.698673,0.440760,0.376577,0.436445,calls/second,milliseconds
1507820067,1706,24.467271,0.176323,0.001108,0.197776,0.274325,0.329829,0.379335,0.503677,0.503677,0.702083,0.699090,0.493353,0.390349,0.440450,calls/second,milliseconds
1507820077,1706,24.467271,0.176323,0.001108,0.197776,0.274325,0.329829,0.379335,0.503677,0.503677,0.702083,0.696235,0.417614,0.377552,0.435583,calls/second,milliseconds
1507820087,1708,24.467271,0.175465,0.001108,0.194574,0.274325,0.321223,0.378038,0.503677,0.503677,0.702083,0.694220,0.382928,0.371677,0.432974,calls/second,milliseconds
1507820097,1712,24.467271,0.173432,0.001108,0.188345,0.274325,0.312254,0.361723,0.503677,0.503677,0.702083,0.693029,0.385549,0.372605,0.432609,calls/second,milliseconds
1507820107,1713,24.467271,0.179673,0.001108,0.186666,0.274325,0.320311,0.361293,0.503677,0.503677,0.702083,0.690637,0.342351,0.363695,0.428937,calls/second,milliseconds
1507820117,1854,24.467271,0.253176,0.001108,0.757456,0.143971,0.325369,0.392253,0.709780,6.685146,7.053321,0.744484,2.351369,0.778154,0.567127,calls/second,milliseconds
1507820127,2127,24.467271,0.303052,0.001108,0.938878,0.144981,0.361555,0.471626,2.093215,6.685146,11.905617,0.850692,6.343269,1.680782,0.873605,calls/second,milliseconds
1507820137,2402,22.424344,0.304520,0.001108,0.968536,0.144015,0.360801,0.466956,0.831126,7.053321,11.905617,0.956852,9.618721,2.533657,1.170011,calls/second,milliseconds
1507820147,2733,11.905617,0.291703,0.000967,0.929502,0.144598,0.352157,0.490324,0.875051,6.326083,11.117387,1.084388,12.963194,3.482659,1.505075,calls/second,milliseconds
1507820157,3172,11.117387,0.270083,0.000708,0.843284,0.153385,0.334490,0.466187,0.648962,5.779072,9.967763,1.253599,17.629407,4.791032,1.967966,calls/second,milliseconds
1507820167,3871,11.117387,0.264582,0.000814,0.868892,0.141659,0.321402,0.456088,0.648962,5.779072,9.967763,1.523822,25.649388,6.914875,2.714442,calls/second,milliseconds
1507820177,4968,11.117387,0.229025,0.000730,0.774958,0.132413,0.289661,0.422441,0.641155,4.572151,9.967763,1.947994,38.438784,10.245614,3.882638,calls/second,milliseconds
1507820187,5321,11.117387,0.230666,0.000730,0.763551,0.130028,0.288563,0.429759,0.648962,4.572151,9.967763,2.078247,38.292887,11.181001,4.270588,calls/second,milliseconds
1507820197,5324,11.117387,0.230597,0.000730,0.763438,0.130028,0.288563,0.419167,0.648962,4.572151,9.967763,2.071333,32.460924,10.824307,4.226718,calls/second,milliseconds
1507820207,5330,11.117387,0.230563,0.000730,0.763241,0.130028,0.288105,0.419167,0.648962,4.572151,9.967763,2.065639,27.569690,10.489114,4.186644,calls/second,milliseconds
1507820217,5337,11.117387,0.227025,0.000730,0.749248,0.133139,0.289267,0.416611,0.645100,4.368407,9.967763,2.060368,23.447898,10.168325,4.148133,calls/second,milliseconds
1507820227,5437,11.117387,0.227464,0.000730,0.760125,0.126618,0.285677,0.408767,0.641155,4.770790,9.967763,2.090900,21.290046,10.153573,4.210283,calls/second,milliseconds
1507820237,5441,11.117387,0.228928,0.000730,0.758546,0.129516,0.286610,0.408767,0.641155,4.770790,9.967763,2.084423,18.111189,9.840260,4.170379,calls/second,milliseconds
1507820247,5445,11.117387,0.229812,0.000730,0.756497,0.131462,0.289291,0.405918,0.630754,4.572151,9.967763,2.077995,15.390919,9.530717,4.128712,calls/second,milliseconds
1507820257,5591,11.117387,0.196859,0.000730,0.728149,0.018677,0.191859,0.390542,0.645100,4.770790,9.386745,2.125601,15.362835,9.700896,4.244863,calls/second,milliseconds
1507820267,5591,11.117387,0.196859,0.000730,0.728149,0.018677,0.191859,0.390542,0.645100,4.770790,9.386745,2.117552,13.004359,9.382863,4.197959,calls/second,milliseconds
1507820272,5591,11.117387,0.196859,0.000730,0.728149,0.018677,0.191859,0.390542,0.645100,4.770790,9.386745,2.113855,13.004359,9.382863,4.197959,calls/second,milliseconds
