,Duration,Framework,Nodes
0,2074310.0,MPIC++,1
1,2072400.0,MPIC++,1
2,2066430.0,MPIC++,1
3,2064120.0,MPIC++,1
4,2058930.0,MPIC++,1
5,2118870.0,MPIC++,1
6,2064420.0,MPIC++,1
7,2060710.0,MPIC++,1
8,2062880.0,MPIC++,1
9,3182700.0,MPIC++,1
10,2064480.0,MPIC++,1
11,2063870.0,MPIC++,1
12,3197150.0,MPIC++,1
13,2073790.0,MPIC++,1
14,2065450.0,MPIC++,1
15,2064840.0,MPIC++,1
16,2064780.0,MPIC++,1
17,2058700.0,MPIC++,1
18,2080320.0,MPIC++,1
19,2053140.0,MPIC++,1
20,2057020.0,MPIC++,1
21,2057410.0,MPIC++,1
22,2057740.0,MPIC++,1
23,2059990.0,MPIC++,1
24,2080460.0,MPIC++,1
25,2082230.0,MPIC++,1
26,2068320.0,MPIC++,1
27,2071840.0,MPIC++,1
28,2077840.0,MPIC++,1
29,2064980.0,MPIC++,1
30,2064030.0,MPIC++,1
31,2062590.0,MPIC++,1
32,2066810.0,MPIC++,1
33,2067960.0,MPIC++,1
34,2064460.0,MPIC++,1
35,3203270.0,MPIC++,1
36,2068480.0,MPIC++,1
37,2070440.0,MPIC++,1
38,2076740.0,MPIC++,1
39,2073840.0,MPIC++,1
40,2073520.0,MPIC++,1
41,2085690.0,MPIC++,1
42,2060940.0,MPIC++,1
43,2060570.0,MPIC++,1
44,2081170.0,MPIC++,1
45,3222100.0,MPIC++,1
46,2060150.0,MPIC++,1
47,2057210.0,MPIC++,1
48,2076070.0,MPIC++,1
49,2079190.0,MPIC++,1
50,2067180.0,MPIC++,1
51,2086390.0,MPIC++,1
52,2064170.0,MPIC++,1
53,2066960.0,MPIC++,1
54,2058580.0,MPIC++,1
55,2057040.0,MPIC++,1
56,2063290.0,MPIC++,1
57,2066720.0,MPIC++,1
58,2062420.0,MPIC++,1
59,3202720.0,MPIC++,1
60,2074740.0,MPIC++,1
61,2076600.0,MPIC++,1
62,2502990.0,MPIC++,1
63,2071290.0,MPIC++,1
64,2059640.0,MPIC++,1
65,2059630.0,MPIC++,1
66,2051910.0,MPIC++,1
67,2055240.0,MPIC++,1
68,2060540.0,MPIC++,1
69,2055100.0,MPIC++,1
70,2062780.0,MPIC++,1
71,2542640.0,MPIC++,1
72,2071740.0,MPIC++,1
73,2065020.0,MPIC++,1
74,2060330.0,MPIC++,1
75,2075590.0,MPIC++,1
76,2059720.0,MPIC++,1
77,2065700.0,MPIC++,1
78,2058120.0,MPIC++,1
79,2056560.0,MPIC++,1
80,2061720.0,MPIC++,1
81,2063040.0,MPIC++,1
82,2066400.0,MPIC++,1
83,3201640.0,MPIC++,1
84,2063900.0,MPIC++,1
85,2458750.0,MPIC++,1
86,2061030.0,MPIC++,1
87,2058710.0,MPIC++,1
88,2071320.0,MPIC++,1
89,2056400.0,MPIC++,1
90,2051660.0,MPIC++,1
91,2061290.0,MPIC++,1
92,2080090.0,MPIC++,1
93,2059440.0,MPIC++,1
94,2056060.0,MPIC++,1
95,2471590.0,MPIC++,1
96,2067670.0,MPIC++,1
97,2064180.0,MPIC++,1
98,2060390.0,MPIC++,1
99,2059950.0,MPIC++,1
100,2062250.0,MPIC++,1
101,2068700.0,MPIC++,1
102,2058890.0,MPIC++,1
103,2072970.0,MPIC++,1
104,2060170.0,MPIC++,1
105,3208970.0,MPIC++,1
106,2065220.0,MPIC++,1
107,2062510.0,MPIC++,1
108,3194390.0,MPIC++,1
109,2061240.0,MPIC++,1
110,2063830.0,MPIC++,1
111,2062660.0,MPIC++,1
112,2089470.0,MPIC++,1
113,2052840.0,MPIC++,1
114,2054320.0,MPIC++,1
115,2055230.0,MPIC++,1
116,2058200.0,MPIC++,1
117,2053730.0,MPIC++,1
118,2050630.0,MPIC++,1
119,2056320.0,MPIC++,1
120,2086920.0,MPIC++,1
121,2070000.0,MPIC++,1
122,2077420.0,MPIC++,1
123,2063620.0,MPIC++,1
124,2065090.0,MPIC++,1
125,2059250.0,MPIC++,1
126,2059430.0,MPIC++,1
127,2066660.0,MPIC++,1
128,2068570.0,MPIC++,1
129,2065300.0,MPIC++,1
130,2063100.0,MPIC++,1
131,3183970.0,MPIC++,1
132,2059280.0,MPIC++,1
133,2087550.0,MPIC++,1
134,3203680.0,MPIC++,1
135,2072140.0,MPIC++,1
136,2086500.0,MPIC++,1
137,2059580.0,MPIC++,1
138,2054870.0,MPIC++,1
139,2060010.0,MPIC++,1
140,2061270.0,MPIC++,1
141,2058800.0,MPIC++,1
142,2062320.0,MPIC++,1
143,2061610.0,MPIC++,1
144,2069300.0,MPIC++,1
145,2065550.0,MPIC++,1
146,2062790.0,MPIC++,1
147,2057170.0,MPIC++,1
148,2056120.0,MPIC++,1
149,2058900.0,MPIC++,1
150,2057510.0,MPIC++,1
151,2062430.0,MPIC++,1
152,3183210.0,MPIC++,1
153,2058320.0,MPIC++,1
154,2060810.0,MPIC++,1
155,2066200.0,MPIC++,1
156,2073800.0,MPIC++,1
157,2058250.0,MPIC++,1
158,3186540.0,MPIC++,1
159,2052970.0,MPIC++,1
160,2051270.0,MPIC++,1
161,2061930.0,MPIC++,1
162,2064270.0,MPIC++,1
163,2068680.0,MPIC++,1
164,2067430.0,MPIC++,1
165,2060240.0,MPIC++,1
166,2056220.0,MPIC++,1
167,2056270.0,MPIC++,1
168,2080120.0,MPIC++,1
169,2078350.0,MPIC++,1
170,2069720.0,MPIC++,1
171,2062230.0,MPIC++,1
172,2061230.0,MPIC++,1
173,2070760.0,MPIC++,1
174,2063820.0,MPIC++,1
175,2062990.0,MPIC++,1
176,2064280.0,MPIC++,1
177,2068200.0,MPIC++,1
178,2061580.0,MPIC++,1
179,3186790.0,MPIC++,1
180,2071960.0,MPIC++,1
181,2075420.0,MPIC++,1
182,3193430.0,MPIC++,1
183,2075750.0,MPIC++,1
184,2086390.0,MPIC++,1
185,2076370.0,MPIC++,1
186,2061090.0,MPIC++,1
187,2052830.0,MPIC++,1
188,2056100.0,MPIC++,1
189,2072500.0,MPIC++,1
190,2065100.0,MPIC++,1
191,2055010.0,MPIC++,1
192,2083890.0,MPIC++,1
193,2148550.0,MPIC++,1
194,2078600.0,MPIC++,1
195,2067610.0,MPIC++,1
196,2089520.0,MPIC++,1
197,2068520.0,MPIC++,1
198,2224880.0,MPIC++,1
199,2110850.0,MPIC++,1
200,2079030.0,MPIC++,1
201,2202430.0,MPIC++,1
202,2067080.0,MPIC++,1
203,3184440.0,MPIC++,1
204,2720800.0,MPIC++,1
205,2362160.0,MPIC++,1
206,2070980.0,MPIC++,1
207,2084230.0,MPIC++,1
208,2080020.0,MPIC++,1
209,2095320.0,MPIC++,1
210,2113540.0,MPIC++,1
211,2057960.0,MPIC++,1
212,2081160.0,MPIC++,1
213,2059800.0,MPIC++,1
214,2058610.0,MPIC++,1
215,2057610.0,MPIC++,1
216,2102430.0,MPIC++,1
217,2083410.0,MPIC++,1
218,2066930.0,MPIC++,1
219,2067780.0,MPIC++,1
220,2063890.0,MPIC++,1
221,2071080.0,MPIC++,1
222,2058210.0,MPIC++,1
223,2071040.0,MPIC++,1
224,2061690.0,MPIC++,1
225,3189610.0,MPIC++,1
226,2108570.0,MPIC++,1
227,2063270.0,MPIC++,1
228,3202130.0,MPIC++,1
229,2126960.0,MPIC++,1
230,2073620.0,MPIC++,1
231,2076930.0,MPIC++,1
232,2092550.0,MPIC++,1
233,2072820.0,MPIC++,1
234,2056980.0,MPIC++,1
235,2057260.0,MPIC++,1
236,2069380.0,MPIC++,1
237,2077700.0,MPIC++,1
238,2061710.0,MPIC++,1
239,2056580.0,MPIC++,1
240,1460560.0,MPIC++,2
241,1461170.0,MPIC++,2
242,2072920.0,MPIC++,2
243,1456660.0,MPIC++,2
244,1456780.0,MPIC++,2
245,1454640.0,MPIC++,2
246,1453400.0,MPIC++,2
247,1454260.0,MPIC++,2
248,1454910.0,MPIC++,2
249,1455280.0,MPIC++,2
250,1454880.0,MPIC++,2
251,1458850.0,MPIC++,2
252,1456750.0,MPIC++,2
253,1456080.0,MPIC++,2
254,1707270.0,MPIC++,2
255,1465680.0,MPIC++,2
256,1455300.0,MPIC++,2
257,1450280.0,MPIC++,2
258,1446200.0,MPIC++,2
259,1687430.0,MPIC++,2
260,1448910.0,MPIC++,2
261,1448190.0,MPIC++,2
262,1447860.0,MPIC++,2
263,1449620.0,MPIC++,2
264,1465300.0,MPIC++,2
265,1468670.0,MPIC++,2
266,1587450.0,MPIC++,2
267,1464460.0,MPIC++,2
268,1453070.0,MPIC++,2
269,1499490.0,MPIC++,2
270,1457560.0,MPIC++,2
271,2067960.0,MPIC++,2
272,1586270.0,MPIC++,2
273,1648880.0,MPIC++,2
274,1483760.0,MPIC++,2
275,1453950.0,MPIC++,2
276,1500590.0,MPIC++,2
277,1531850.0,MPIC++,2
278,1466140.0,MPIC++,2
279,1491850.0,MPIC++,2
280,1454680.0,MPIC++,2
281,1460430.0,MPIC++,2
282,1463010.0,MPIC++,2
283,1536690.0,MPIC++,2
284,2071520.0,MPIC++,2
285,1500700.0,MPIC++,2
286,1457530.0,MPIC++,2
287,1501390.0,MPIC++,2
288,1463560.0,MPIC++,2
289,1468080.0,MPIC++,2
290,1460650.0,MPIC++,2
291,1459760.0,MPIC++,2
292,1454010.0,MPIC++,2
293,1456670.0,MPIC++,2
294,1453290.0,MPIC++,2
295,1453510.0,MPIC++,2
296,1457450.0,MPIC++,2
297,1455170.0,MPIC++,2
298,2072110.0,MPIC++,2
299,1460790.0,MPIC++,2
300,1451980.0,MPIC++,2
301,1465850.0,MPIC++,2
302,1459750.0,MPIC++,2
303,1472660.0,MPIC++,2
304,1463920.0,MPIC++,2
305,1957250.0,MPIC++,2
306,1447570.0,MPIC++,2
307,1448380.0,MPIC++,2
308,1448470.0,MPIC++,2
309,1446880.0,MPIC++,2
310,1450400.0,MPIC++,2
311,1509460.0,MPIC++,2
312,1513050.0,MPIC++,2
313,1473750.0,MPIC++,2
314,1865130.0,MPIC++,2
315,1497920.0,MPIC++,2
316,1480900.0,MPIC++,2
317,1479900.0,MPIC++,2
318,1636800.0,MPIC++,2
319,1482420.0,MPIC++,2
320,1483600.0,MPIC++,2
321,1460400.0,MPIC++,2
322,1460420.0,MPIC++,2
323,1541610.0,MPIC++,2
324,1458080.0,MPIC++,2
325,1566310.0,MPIC++,2
326,1801410.0,MPIC++,2
327,1458760.0,MPIC++,2
328,1451030.0,MPIC++,2
329,1446910.0,MPIC++,2
330,1458770.0,MPIC++,2
331,1483890.0,MPIC++,2
332,1521060.0,MPIC++,2
333,1450410.0,MPIC++,2
334,1452810.0,MPIC++,2
335,1450540.0,MPIC++,2
336,1741030.0,MPIC++,2
337,1474200.0,MPIC++,2
338,1512600.0,MPIC++,2
339,1597920.0,MPIC++,2
340,1479400.0,MPIC++,2
341,1582440.0,MPIC++,2
342,1466020.0,MPIC++,2
343,1484330.0,MPIC++,2
344,1472550.0,MPIC++,2
345,1484280.0,MPIC++,2
346,1457210.0,MPIC++,2
347,1484650.0,MPIC++,2
348,1462440.0,MPIC++,2
349,1476920.0,MPIC++,2
350,1462880.0,MPIC++,2
351,1550130.0,MPIC++,2
352,1468470.0,MPIC++,2
353,1451160.0,MPIC++,2
354,1448720.0,MPIC++,2
355,1460800.0,MPIC++,2
356,1448980.0,MPIC++,2
357,1449460.0,MPIC++,2
358,1451850.0,MPIC++,2
359,2037880.0,MPIC++,2
360,1493870.0,MPIC++,2
361,1517960.0,MPIC++,2
362,2017980.0,MPIC++,2
363,1532130.0,MPIC++,2
364,1549160.0,MPIC++,2
365,1467180.0,MPIC++,2
366,1462110.0,MPIC++,2
367,1481620.0,MPIC++,2
368,1387560.0,MPIC++,2
369,1457060.0,MPIC++,2
370,1456410.0,MPIC++,2
371,1453290.0,MPIC++,2
372,1458620.0,MPIC++,2
373,2059160.0,MPIC++,2
374,1452450.0,MPIC++,2
375,1460170.0,MPIC++,2
376,1456710.0,MPIC++,2
377,1450640.0,MPIC++,2
378,1454350.0,MPIC++,2
379,1493200.0,MPIC++,2
380,1452210.0,MPIC++,2
381,1516340.0,MPIC++,2
382,1447940.0,MPIC++,2
383,1449140.0,MPIC++,2
384,1460260.0,MPIC++,2
385,1452750.0,MPIC++,2
386,1452970.0,MPIC++,2
387,2068690.0,MPIC++,2
388,1451660.0,MPIC++,2
389,1454360.0,MPIC++,2
390,1457540.0,MPIC++,2
391,1455230.0,MPIC++,2
392,1461920.0,MPIC++,2
393,1458690.0,MPIC++,2
394,1461120.0,MPIC++,2
395,1460700.0,MPIC++,2
396,2039040.0,MPIC++,2
397,1454240.0,MPIC++,2
398,1448570.0,MPIC++,2
399,1449210.0,MPIC++,2
400,1446500.0,MPIC++,2
401,1455120.0,MPIC++,2
402,1452410.0,MPIC++,2
403,1467230.0,MPIC++,2
404,1448530.0,MPIC++,2
405,1447390.0,MPIC++,2
406,1451380.0,MPIC++,2
407,1447310.0,MPIC++,2
408,1480780.0,MPIC++,2
409,1491860.0,MPIC++,2
410,1469080.0,MPIC++,2
411,1461520.0,MPIC++,2
412,1481800.0,MPIC++,2
413,2077870.0,MPIC++,2
414,1461570.0,MPIC++,2
415,1391080.0,MPIC++,2
416,1450710.0,MPIC++,2
417,1458050.0,MPIC++,2
418,1452800.0,MPIC++,2
419,1453200.0,MPIC++,2
420,1463400.0,MPIC++,2
421,1498020.0,MPIC++,2
422,1488250.0,MPIC++,2
423,1531780.0,MPIC++,2
424,1446320.0,MPIC++,2
425,1446200.0,MPIC++,2
426,1448870.0,MPIC++,2
427,1520260.0,MPIC++,2
428,1451630.0,MPIC++,2
429,2063230.0,MPIC++,2
430,1450040.0,MPIC++,2
431,1449350.0,MPIC++,2
432,1459180.0,MPIC++,2
433,1458540.0,MPIC++,2
434,2066950.0,MPIC++,2
435,1452840.0,MPIC++,2
436,1455800.0,MPIC++,2
437,1457420.0,MPIC++,2
438,1453370.0,MPIC++,2
439,1465520.0,MPIC++,2
440,1458500.0,MPIC++,2
441,1455020.0,MPIC++,2
442,1455230.0,MPIC++,2
443,1382180.0,MPIC++,2
444,1451310.0,MPIC++,2
445,1454540.0,MPIC++,2
446,1455120.0,MPIC++,2
447,1455540.0,MPIC++,2
448,1449000.0,MPIC++,2
449,1449880.0,MPIC++,2
450,1447420.0,MPIC++,2
451,1444660.0,MPIC++,2
452,1450260.0,MPIC++,2
453,1450180.0,MPIC++,2
454,1450030.0,MPIC++,2
455,2048740.0,MPIC++,2
456,1510630.0,MPIC++,2
457,1470180.0,MPIC++,2
458,1528090.0,MPIC++,2
459,1531280.0,MPIC++,2
460,1550070.0,MPIC++,2
461,1459990.0,MPIC++,2
462,1460100.0,MPIC++,2
463,1745540.0,MPIC++,2
464,1452920.0,MPIC++,2
465,1479860.0,MPIC++,2
466,1483600.0,MPIC++,2
467,1455610.0,MPIC++,2
468,1638820.0,MPIC++,2
469,1467760.0,MPIC++,2
470,1481100.0,MPIC++,2
471,1461540.0,MPIC++,2
472,1451640.0,MPIC++,2
473,1462880.0,MPIC++,2
474,1469570.0,MPIC++,2
475,1516470.0,MPIC++,2
476,1459130.0,MPIC++,2
477,2097820.0,MPIC++,2
478,1478330.0,MPIC++,2
479,1450230.0,MPIC++,2
480,1459740.0,MPIC++,2
481,1460870.0,MPIC++,2
482,1457820.0,MPIC++,2
483,2062990.0,MPIC++,2
484,1459120.0,MPIC++,2
485,1455200.0,MPIC++,2
486,1453050.0,MPIC++,2
487,1455200.0,MPIC++,2
488,1456000.0,MPIC++,2
489,1455370.0,MPIC++,2
490,1455580.0,MPIC++,2
491,1466460.0,MPIC++,2
492,1453280.0,MPIC++,2
493,1453780.0,MPIC++,2
494,1448340.0,MPIC++,2
495,1446780.0,MPIC++,2
496,1446640.0,MPIC++,2
497,2045470.0,MPIC++,2
498,1448120.0,MPIC++,2
499,1445580.0,MPIC++,2
500,1447800.0,MPIC++,2
501,1447400.0,MPIC++,2
502,1448940.0,MPIC++,2
503,1457770.0,MPIC++,2
504,1459080.0,MPIC++,2
505,1521240.0,MPIC++,2
506,1473380.0,MPIC++,2
507,1607200.0,MPIC++,2
508,1457920.0,MPIC++,2
509,1482200.0,MPIC++,2
510,1457300.0,MPIC++,2
511,1451570.0,MPIC++,2
512,1459650.0,MPIC++,2
513,1456960.0,MPIC++,2
514,1459140.0,MPIC++,2
515,2069080.0,MPIC++,2
516,1468800.0,MPIC++,2
517,1545600.0,MPIC++,2
518,1766440.0,MPIC++,2
519,1457570.0,MPIC++,2
520,1453840.0,MPIC++,2
521,1447000.0,MPIC++,2
522,1502200.0,MPIC++,2
523,1491800.0,MPIC++,2
524,1934290.0,MPIC++,2
525,1457690.0,MPIC++,2
526,1452040.0,MPIC++,2
527,1451400.0,MPIC++,2
528,1459550.0,MPIC++,2
529,1462460.0,MPIC++,2
530,1460250.0,MPIC++,2
531,2074450.0,MPIC++,2
532,1463690.0,MPIC++,2
533,1452300.0,MPIC++,2
534,1454220.0,MPIC++,2
535,1452640.0,MPIC++,2
536,1455020.0,MPIC++,2
537,1454500.0,MPIC++,2
538,1458220.0,MPIC++,2
539,1454310.0,MPIC++,2
540,1452740.0,MPIC++,2
541,1458480.0,MPIC++,2
542,1451210.0,MPIC++,2
543,1466250.0,MPIC++,2
544,1451830.0,MPIC++,2
545,1623520.0,MPIC++,2
546,1447160.0,MPIC++,2
547,1445640.0,MPIC++,2
548,1448650.0,MPIC++,2
549,1448720.0,MPIC++,2
550,2057620.0,MPIC++,2
551,1450850.0,MPIC++,2
552,1481920.0,MPIC++,2
553,1534410.0,MPIC++,2
554,1483050.0,MPIC++,2
555,1588270.0,MPIC++,2
556,1479140.0,MPIC++,2
557,1454020.0,MPIC++,2
558,1449980.0,MPIC++,2
559,1454260.0,MPIC++,2
560,1473880.0,MPIC++,2
561,1455760.0,MPIC++,2
562,1481220.0,MPIC++,2
563,2074320.0,MPIC++,2
564,1467530.0,MPIC++,2
565,1480950.0,MPIC++,2
566,1615530.0,MPIC++,2
567,1484230.0,MPIC++,2
568,1457420.0,MPIC++,2
569,1483960.0,MPIC++,2
570,1495790.0,MPIC++,2
571,1535880.0,MPIC++,2
572,1652230.0,MPIC++,2
573,1716410.0,MPIC++,2
574,1464560.0,MPIC++,2
575,1452810.0,MPIC++,2
576,1461000.0,MPIC++,2
577,1458490.0,MPIC++,2
578,2093720.0,MPIC++,2
579,1458150.0,MPIC++,2
580,1470540.0,MPIC++,2
581,1454580.0,MPIC++,2
582,1453490.0,MPIC++,2
583,1457300.0,MPIC++,2
584,1455800.0,MPIC++,2
585,1456450.0,MPIC++,2
586,1456220.0,MPIC++,2
587,1632620.0,MPIC++,2
588,1457680.0,MPIC++,2
589,1455070.0,MPIC++,2
590,1452560.0,MPIC++,2
591,1449750.0,MPIC++,2
592,1743630.0,MPIC++,2
593,1445610.0,MPIC++,2
594,1447380.0,MPIC++,2
595,2052010.0,MPIC++,2
596,1448750.0,MPIC++,2
597,1449040.0,MPIC++,2
598,1623180.0,MPIC++,2
599,1446880.0,MPIC++,2
600,1516740.0,MPIC++,2
601,1530460.0,MPIC++,2
602,1472300.0,MPIC++,2
603,1686950.0,MPIC++,2
604,1594480.0,MPIC++,2
605,1561240.0,MPIC++,2
606,1541240.0,MPIC++,2
607,1563750.0,MPIC++,2
608,1463440.0,MPIC++,2
609,1521620.0,MPIC++,2
610,1476720.0,MPIC++,2
611,1469310.0,MPIC++,2
612,1540980.0,MPIC++,2
613,1821360.0,MPIC++,2
614,1516670.0,MPIC++,2
615,1518380.0,MPIC++,2
616,1523680.0,MPIC++,2
617,1462780.0,MPIC++,2
618,1505860.0,MPIC++,2
619,1519350.0,MPIC++,2
620,1476690.0,MPIC++,2
621,1464700.0,MPIC++,2
622,1617190.0,MPIC++,2
623,1474550.0,MPIC++,2
624,1467180.0,MPIC++,2
625,1481130.0,MPIC++,2
626,2069350.0,MPIC++,2
627,1466820.0,MPIC++,2
628,1459390.0,MPIC++,2
629,1487980.0,MPIC++,2
630,1633230.0,MPIC++,2
631,1457210.0,MPIC++,2
632,1480500.0,MPIC++,2
633,1467820.0,MPIC++,2
634,1460020.0,MPIC++,2
635,1460440.0,MPIC++,2
636,1486060.0,MPIC++,2
637,1469290.0,MPIC++,2
638,1458750.0,MPIC++,2
639,1474280.0,MPIC++,2
640,1380150.0,MPIC++,2
641,1669260.0,MPIC++,2
642,1451470.0,MPIC++,2
643,1473720.0,MPIC++,2
644,1450370.0,MPIC++,2
645,1446720.0,MPIC++,2
646,1447480.0,MPIC++,2
647,1716340.0,MPIC++,2
648,1489250.0,MPIC++,2
649,1450020.0,MPIC++,2
650,1457600.0,MPIC++,2
651,1457830.0,MPIC++,2
652,1455340.0,MPIC++,2
653,1451330.0,MPIC++,2
654,1516180.0,MPIC++,2
655,1451360.0,MPIC++,2
656,1452620.0,MPIC++,2
657,2073640.0,MPIC++,2
658,1458420.0,MPIC++,2
659,1453270.0,MPIC++,2
660,1454820.0,MPIC++,2
661,1518360.0,MPIC++,2
662,1481710.0,MPIC++,2
663,1572800.0,MPIC++,2
664,1447410.0,MPIC++,2
665,1446770.0,MPIC++,2
666,1482070.0,MPIC++,2
667,1494040.0,MPIC++,2
668,1516080.0,MPIC++,2
669,2066220.0,MPIC++,2
670,1449880.0,MPIC++,2
671,1449800.0,MPIC++,2
672,1461120.0,MPIC++,2
673,1456760.0,MPIC++,2
674,1460050.0,MPIC++,2
675,2065110.0,MPIC++,2
676,1455500.0,MPIC++,2
677,1454340.0,MPIC++,2
678,1458360.0,MPIC++,2
679,1454520.0,MPIC++,2
680,1454760.0,MPIC++,2
681,1454990.0,MPIC++,2
682,1456680.0,MPIC++,2
683,1454250.0,MPIC++,2
684,1823320.0,MPIC++,2
685,1456400.0,MPIC++,2
686,1452200.0,MPIC++,2
687,1454100.0,MPIC++,2
688,1460350.0,MPIC++,2
689,1371150.0,MPIC++,2
690,1448610.0,MPIC++,2
691,1455300.0,MPIC++,2
692,1449880.0,MPIC++,2
693,1448460.0,MPIC++,2
694,1604280.0,MPIC++,2
695,1375560.0,MPIC++,2
696,1494790.0,MPIC++,2
697,1504220.0,MPIC++,2
698,1475460.0,MPIC++,2
699,1523550.0,MPIC++,2
700,1472110.0,MPIC++,2
701,1886220.0,MPIC++,2
702,1483130.0,MPIC++,2
703,1554630.0,MPIC++,2
704,1468960.0,MPIC++,2
705,1467100.0,MPIC++,2
706,1477560.0,MPIC++,2
707,1460050.0,MPIC++,2
708,1511620.0,MPIC++,2
709,1458340.0,MPIC++,2
710,2034420.0,MPIC++,2
711,1456460.0,MPIC++,2
712,1466540.0,MPIC++,2
713,1450380.0,MPIC++,2
714,1480280.0,MPIC++,2
715,1509790.0,MPIC++,2
716,1472210.0,MPIC++,2
717,1458020.0,MPIC++,2
718,1450740.0,MPIC++,2
719,1452770.0,MPIC++,2
720,1089000.0,MPIC++,3
721,970830.0,MPIC++,3
722,1192680.0,MPIC++,3
723,973435.0,MPIC++,3
724,970817.0,MPIC++,3
725,1023890.0,MPIC++,3
726,1008250.0,MPIC++,3
727,968358.0,MPIC++,3
728,969154.0,MPIC++,3
729,969108.0,MPIC++,3
730,968645.0,MPIC++,3
731,969013.0,MPIC++,3
732,1090340.0,MPIC++,3
733,1044660.0,MPIC++,3
734,973522.0,MPIC++,3
735,1031150.0,MPIC++,3
736,1187890.0,MPIC++,3
737,1048760.0,MPIC++,3
738,965694.0,MPIC++,3
739,963919.0,MPIC++,3
740,966012.0,MPIC++,3
741,974304.0,MPIC++,3
742,985182.0,MPIC++,3
743,969651.0,MPIC++,3
744,1169820.0,MPIC++,3
745,1124410.0,MPIC++,3
746,1013680.0,MPIC++,3
747,979120.0,MPIC++,3
748,1047020.0,MPIC++,3
749,990116.0,MPIC++,3
750,974979.0,MPIC++,3
751,967843.0,MPIC++,3
752,974989.0,MPIC++,3
753,973489.0,MPIC++,3
754,977239.0,MPIC++,3
755,973619.0,MPIC++,3
756,979368.0,MPIC++,3
757,976642.0,MPIC++,3
758,980875.0,MPIC++,3
759,971665.0,MPIC++,3
760,1010480.0,MPIC++,3
761,967137.0,MPIC++,3
762,977804.0,MPIC++,3
763,989717.0,MPIC++,3
764,984409.0,MPIC++,3
765,971009.0,MPIC++,3
766,967870.0,MPIC++,3
767,1303970.0,MPIC++,3
768,976456.0,MPIC++,3
769,1003040.0,MPIC++,3
770,1004780.0,MPIC++,3
771,1030060.0,MPIC++,3
772,1003920.0,MPIC++,3
773,973018.0,MPIC++,3
774,967213.0,MPIC++,3
775,968679.0,MPIC++,3
776,1388500.0,MPIC++,3
777,982733.0,MPIC++,3
778,970019.0,MPIC++,3
779,968060.0,MPIC++,3
780,977329.0,MPIC++,3
781,980550.0,MPIC++,3
782,979993.0,MPIC++,3
783,989789.0,MPIC++,3
784,1016470.0,MPIC++,3
785,967452.0,MPIC++,3
786,971152.0,MPIC++,3
787,1373100.0,MPIC++,3
788,984750.0,MPIC++,3
789,966404.0,MPIC++,3
790,965989.0,MPIC++,3
791,966909.0,MPIC++,3
792,974121.0,MPIC++,3
793,973734.0,MPIC++,3
794,972516.0,MPIC++,3
795,973269.0,MPIC++,3
796,969676.0,MPIC++,3
797,971095.0,MPIC++,3
798,973758.0,MPIC++,3
799,1383410.0,MPIC++,3
800,972487.0,MPIC++,3
801,972031.0,MPIC++,3
802,969838.0,MPIC++,3
803,971233.0,MPIC++,3
804,1367200.0,MPIC++,3
805,974895.0,MPIC++,3
806,969260.0,MPIC++,3
807,970498.0,MPIC++,3
808,968854.0,MPIC++,3
809,968609.0,MPIC++,3
810,967704.0,MPIC++,3
811,980196.0,MPIC++,3
812,966144.0,MPIC++,3
813,965821.0,MPIC++,3
814,966838.0,MPIC++,3
815,965788.0,MPIC++,3
816,985610.0,MPIC++,3
817,1385450.0,MPIC++,3
818,1004220.0,MPIC++,3
819,998421.0,MPIC++,3
820,1030710.0,MPIC++,3
821,1085640.0,MPIC++,3
822,983883.0,MPIC++,3
823,975215.0,MPIC++,3
824,969158.0,MPIC++,3
825,967702.0,MPIC++,3
826,974430.0,MPIC++,3
827,971950.0,MPIC++,3
828,982695.0,MPIC++,3
829,986048.0,MPIC++,3
830,989209.0,MPIC++,3
831,992454.0,MPIC++,3
832,983249.0,MPIC++,3
833,966296.0,MPIC++,3
834,969023.0,MPIC++,3
835,981829.0,MPIC++,3
836,984080.0,MPIC++,3
837,1374660.0,MPIC++,3
838,967622.0,MPIC++,3
839,966221.0,MPIC++,3
840,983665.0,MPIC++,3
841,1018730.0,MPIC++,3
842,985401.0,MPIC++,3
843,1019410.0,MPIC++,3
844,975204.0,MPIC++,3
845,974001.0,MPIC++,3
846,968836.0,MPIC++,3
847,1340090.0,MPIC++,3
848,970414.0,MPIC++,3
849,975352.0,MPIC++,3
850,994318.0,MPIC++,3
851,1003380.0,MPIC++,3
852,975763.0,MPIC++,3
853,971249.0,MPIC++,3
854,977032.0,MPIC++,3
855,967033.0,MPIC++,3
856,1014350.0,MPIC++,3
857,967545.0,MPIC++,3
858,967118.0,MPIC++,3
859,993386.0,MPIC++,3
860,985271.0,MPIC++,3
861,1378690.0,MPIC++,3
862,967248.0,MPIC++,3
863,968608.0,MPIC++,3
864,1153720.0,MPIC++,3
865,1111280.0,MPIC++,3
866,974833.0,MPIC++,3
867,996226.0,MPIC++,3
868,972871.0,MPIC++,3
869,967622.0,MPIC++,3
870,969239.0,MPIC++,3
871,967736.0,MPIC++,3
872,968450.0,MPIC++,3
873,1052850.0,MPIC++,3
874,970289.0,MPIC++,3
875,968967.0,MPIC++,3
876,1366040.0,MPIC++,3
877,974295.0,MPIC++,3
878,969434.0,MPIC++,3
879,972610.0,MPIC++,3
880,966902.0,MPIC++,3
881,968757.0,MPIC++,3
882,966082.0,MPIC++,3
883,969057.0,MPIC++,3
884,972373.0,MPIC++,3
885,981899.0,MPIC++,3
886,967823.0,MPIC++,3
887,967730.0,MPIC++,3
888,1013600.0,MPIC++,3
889,1379000.0,MPIC++,3
890,970373.0,MPIC++,3
891,967504.0,MPIC++,3
892,976407.0,MPIC++,3
893,967254.0,MPIC++,3
894,973667.0,MPIC++,3
895,967732.0,MPIC++,3
896,972983.0,MPIC++,3
897,968317.0,MPIC++,3
898,973537.0,MPIC++,3
899,970640.0,MPIC++,3
900,967724.0,MPIC++,3
901,1000570.0,MPIC++,3
902,976433.0,MPIC++,3
903,1165790.0,MPIC++,3
904,980243.0,MPIC++,3
905,1046780.0,MPIC++,3
906,975558.0,MPIC++,3
907,985585.0,MPIC++,3
908,975361.0,MPIC++,3
909,1372860.0,MPIC++,3
910,965160.0,MPIC++,3
911,965234.0,MPIC++,3
912,1005740.0,MPIC++,3
913,1006300.0,MPIC++,3
914,1005190.0,MPIC++,3
915,1045930.0,MPIC++,3
916,988892.0,MPIC++,3
917,1178730.0,MPIC++,3
918,991119.0,MPIC++,3
919,972308.0,MPIC++,3
920,974263.0,MPIC++,3
921,982042.0,MPIC++,3
922,1006360.0,MPIC++,3
923,967837.0,MPIC++,3
924,976066.0,MPIC++,3
925,969424.0,MPIC++,3
926,972476.0,MPIC++,3
927,972956.0,MPIC++,3
928,1014790.0,MPIC++,3
929,969878.0,MPIC++,3
930,979798.0,MPIC++,3
931,977238.0,MPIC++,3
932,926851.0,MPIC++,3
933,1130300.0,MPIC++,3
934,1374740.0,MPIC++,3
935,970321.0,MPIC++,3
936,971947.0,MPIC++,3
937,969173.0,MPIC++,3
938,1368910.0,MPIC++,3
939,968071.0,MPIC++,3
940,967570.0,MPIC++,3
941,966579.0,MPIC++,3
942,966577.0,MPIC++,3
943,966038.0,MPIC++,3
944,969798.0,MPIC++,3
945,970659.0,MPIC++,3
946,968995.0,MPIC++,3
947,970314.0,MPIC++,3
948,965994.0,MPIC++,3
949,966078.0,MPIC++,3
950,965165.0,MPIC++,3
951,967582.0,MPIC++,3
952,964745.0,MPIC++,3
953,964879.0,MPIC++,3
954,966253.0,MPIC++,3
955,967535.0,MPIC++,3
956,967584.0,MPIC++,3
957,965153.0,MPIC++,3
958,1365550.0,MPIC++,3
959,967769.0,MPIC++,3
960,1010210.0,MPIC++,3
961,973505.0,MPIC++,3
962,968959.0,MPIC++,3
963,971348.0,MPIC++,3
964,967608.0,MPIC++,3
965,970181.0,MPIC++,3
966,969645.0,MPIC++,3
967,967374.0,MPIC++,3
968,969552.0,MPIC++,3
969,970817.0,MPIC++,3
970,1380650.0,MPIC++,3
971,971233.0,MPIC++,3
972,970188.0,MPIC++,3
973,1001900.0,MPIC++,3
974,979140.0,MPIC++,3
975,1038900.0,MPIC++,3
976,966054.0,MPIC++,3
977,965763.0,MPIC++,3
978,1010790.0,MPIC++,3
979,995810.0,MPIC++,3
980,1041720.0,MPIC++,3
981,966290.0,MPIC++,3
982,1369430.0,MPIC++,3
983,966365.0,MPIC++,3
984,970536.0,MPIC++,3
985,1123400.0,MPIC++,3
986,1005920.0,MPIC++,3
987,996987.0,MPIC++,3
988,1026430.0,MPIC++,3
989,1104970.0,MPIC++,3
990,974875.0,MPIC++,3
991,1029270.0,MPIC++,3
992,987143.0,MPIC++,3
993,977391.0,MPIC++,3
994,969040.0,MPIC++,3
995,971995.0,MPIC++,3
996,1127020.0,MPIC++,3
997,971096.0,MPIC++,3
998,969987.0,MPIC++,3
999,971220.0,MPIC++,3
1000,1021590.0,MPIC++,3
1001,971454.0,MPIC++,3
1002,988752.0,MPIC++,3
1003,973208.0,MPIC++,3
1004,1000670.0,MPIC++,3
1005,1065000.0,MPIC++,3
1006,965894.0,MPIC++,3
1007,994532.0,MPIC++,3
1008,972288.0,MPIC++,3
1009,973654.0,MPIC++,3
1010,972083.0,MPIC++,3
1011,973531.0,MPIC++,3
1012,969629.0,MPIC++,3
1013,971258.0,MPIC++,3
1014,1382060.0,MPIC++,3
1015,972135.0,MPIC++,3
1016,988817.0,MPIC++,3
1017,973185.0,MPIC++,3
1018,972212.0,MPIC++,3
1019,969648.0,MPIC++,3
1020,1365080.0,MPIC++,3
1021,976130.0,MPIC++,3
1022,968820.0,MPIC++,3
1023,969559.0,MPIC++,3
1024,968917.0,MPIC++,3
1025,968511.0,MPIC++,3
1026,968736.0,MPIC++,3
1027,968654.0,MPIC++,3
1028,968464.0,MPIC++,3
1029,965806.0,MPIC++,3
1030,965311.0,MPIC++,3
1031,966012.0,MPIC++,3
1032,972137.0,MPIC++,3
1033,1375150.0,MPIC++,3
1034,1018220.0,MPIC++,3
1035,983353.0,MPIC++,3
1036,1037180.0,MPIC++,3
1037,982869.0,MPIC++,3
1038,980935.0,MPIC++,3
1039,974911.0,MPIC++,3
1040,971979.0,MPIC++,3
1041,968084.0,MPIC++,3
1042,968097.0,MPIC++,3
1043,967410.0,MPIC++,3
1044,1026400.0,MPIC++,3
1045,1019100.0,MPIC++,3
1046,991384.0,MPIC++,3
1047,973806.0,MPIC++,3
1048,1145400.0,MPIC++,3
1049,967046.0,MPIC++,3
1050,973816.0,MPIC++,3
1051,989438.0,MPIC++,3
1052,1065880.0,MPIC++,3
1053,965703.0,MPIC++,3
1054,997497.0,MPIC++,3
1055,1023160.0,MPIC++,3
1056,995603.0,MPIC++,3
1057,981240.0,MPIC++,3
1058,987205.0,MPIC++,3
1059,1007860.0,MPIC++,3
1060,1057570.0,MPIC++,3
1061,966400.0,MPIC++,3
1062,969852.0,MPIC++,3
1063,970610.0,MPIC++,3
1064,1312690.0,MPIC++,3
1065,997590.0,MPIC++,3
1066,1029330.0,MPIC++,3
1067,1013640.0,MPIC++,3
1068,1042140.0,MPIC++,3
1069,999473.0,MPIC++,3
1070,986476.0,MPIC++,3
1071,1000560.0,MPIC++,3
1072,1015610.0,MPIC++,3
1073,970886.0,MPIC++,3
1074,996488.0,MPIC++,3
1075,995983.0,MPIC++,3
1076,1004290.0,MPIC++,3
1077,973586.0,MPIC++,3
1078,1180510.0,MPIC++,3
1079,1019530.0,MPIC++,3
1080,970460.0,MPIC++,3
1081,968414.0,MPIC++,3
1082,967382.0,MPIC++,3
1083,918165.0,MPIC++,3
1084,967570.0,MPIC++,3
1085,967167.0,MPIC++,3
1086,965769.0,MPIC++,3
1087,1383470.0,MPIC++,3
1088,968216.0,MPIC++,3
1089,968003.0,MPIC++,3
1090,967291.0,MPIC++,3
1091,967157.0,MPIC++,3
1092,1370050.0,MPIC++,3
1093,964352.0,MPIC++,3
1094,964759.0,MPIC++,3
1095,1051470.0,MPIC++,3
1096,964923.0,MPIC++,3
1097,964583.0,MPIC++,3
1098,965024.0,MPIC++,3
1099,964078.0,MPIC++,3
1100,966953.0,MPIC++,3
1101,965687.0,MPIC++,3
1102,966291.0,MPIC++,3
1103,966943.0,MPIC++,3
1104,1001440.0,MPIC++,3
1105,1377980.0,MPIC++,3
1106,970411.0,MPIC++,3
1107,974763.0,MPIC++,3
1108,975699.0,MPIC++,3
1109,1135560.0,MPIC++,3
1110,969201.0,MPIC++,3
1111,967731.0,MPIC++,3
1112,978788.0,MPIC++,3
1113,973121.0,MPIC++,3
1114,969331.0,MPIC++,3
1115,970688.0,MPIC++,3
1116,1020060.0,MPIC++,3
1117,981547.0,MPIC++,3
1118,1037180.0,MPIC++,3
1119,983992.0,MPIC++,3
1120,1005660.0,MPIC++,3
1121,965869.0,MPIC++,3
1122,977538.0,MPIC++,3
1123,993962.0,MPIC++,3
1124,989332.0,MPIC++,3
1125,1375860.0,MPIC++,3
1126,966355.0,MPIC++,3
1127,968313.0,MPIC++,3
1128,1041810.0,MPIC++,3
1129,993677.0,MPIC++,3
1130,999527.0,MPIC++,3
1131,1014150.0,MPIC++,3
1132,1012180.0,MPIC++,3
1133,1346150.0,MPIC++,3
1134,968405.0,MPIC++,3
1135,977890.0,MPIC++,3
1136,967905.0,MPIC++,3
1137,980429.0,MPIC++,3
1138,972941.0,MPIC++,3
1139,990091.0,MPIC++,3
1140,1141840.0,MPIC++,3
1141,986121.0,MPIC++,3
1142,982674.0,MPIC++,3
1143,976449.0,MPIC++,3
1144,1016910.0,MPIC++,3
1145,965844.0,MPIC++,3
1146,974463.0,MPIC++,3
1147,980322.0,MPIC++,3
1148,969697.0,MPIC++,3
1149,1007150.0,MPIC++,3
1150,1079840.0,MPIC++,3
1151,967189.0,MPIC++,3
1152,1091560.0,MPIC++,3
1153,925802.0,MPIC++,3
1154,971435.0,MPIC++,3
1155,972492.0,MPIC++,3
1156,1378280.0,MPIC++,3
1157,969149.0,MPIC++,3
1158,968759.0,MPIC++,3
1159,970302.0,MPIC++,3
1160,972300.0,MPIC++,3
1161,972527.0,MPIC++,3
1162,985929.0,MPIC++,3
1163,971852.0,MPIC++,3
1164,973125.0,MPIC++,3
1165,973838.0,MPIC++,3
1166,971968.0,MPIC++,3
1167,970565.0,MPIC++,3
1168,1126010.0,MPIC++,3
1169,968064.0,MPIC++,3
1170,966330.0,MPIC++,3
1171,968594.0,MPIC++,3
1172,966962.0,MPIC++,3
1173,965561.0,MPIC++,3
1174,1140160.0,MPIC++,3
1175,965459.0,MPIC++,3
1176,1070850.0,MPIC++,3
1177,974494.0,MPIC++,3
1178,976774.0,MPIC++,3
1179,978512.0,MPIC++,3
1180,997682.0,MPIC++,3
1181,973172.0,MPIC++,3
1182,968392.0,MPIC++,3
1183,1060670.0,MPIC++,3
1184,989841.0,MPIC++,3
1185,1286680.0,MPIC++,3
1186,977785.0,MPIC++,3
1187,998363.0,MPIC++,3
1188,1000060.0,MPIC++,3
1189,1018880.0,MPIC++,3
1190,980900.0,MPIC++,3
1191,1052800.0,MPIC++,3
1192,1044410.0,MPIC++,3
1193,992429.0,MPIC++,3
1194,1016670.0,MPIC++,3
1195,999206.0,MPIC++,3
1196,1104170.0,MPIC++,3
1197,999705.0,MPIC++,3
1198,995127.0,MPIC++,3
1199,996697.0,MPIC++,3
1200,984309.0,MPIC++,3
1201,1003070.0,MPIC++,3
1202,986786.0,MPIC++,3
1203,1017280.0,MPIC++,3
1204,1203360.0,MPIC++,3
1205,1032230.0,MPIC++,3
1206,1034640.0,MPIC++,3
1207,984065.0,MPIC++,3
1208,1050840.0,MPIC++,3
1209,970210.0,MPIC++,3
1210,970034.0,MPIC++,3
1211,1097850.0,MPIC++,3
1212,1009040.0,MPIC++,3
1213,999959.0,MPIC++,3
1214,1037840.0,MPIC++,3
1215,995738.0,MPIC++,3
1216,1018820.0,MPIC++,3
1217,969285.0,MPIC++,3
1218,983769.0,MPIC++,3
1219,1386980.0,MPIC++,3
1220,980699.0,MPIC++,3
1221,967534.0,MPIC++,3
1222,965956.0,MPIC++,3
1223,974826.0,MPIC++,3
1224,972817.0,MPIC++,3
1225,972362.0,MPIC++,3
1226,968168.0,MPIC++,3
1227,993479.0,MPIC++,3
1228,966697.0,MPIC++,3
1229,1012310.0,MPIC++,3
1230,967404.0,MPIC++,3
1231,993664.0,MPIC++,3
1232,972385.0,MPIC++,3
1233,1346270.0,MPIC++,3
1234,973243.0,MPIC++,3
1235,1166910.0,MPIC++,3
1236,1364350.0,MPIC++,3
1237,986782.0,MPIC++,3
1238,970953.0,MPIC++,3
1239,968525.0,MPIC++,3
1240,970988.0,MPIC++,3
1241,967218.0,MPIC++,3
1242,967058.0,MPIC++,3
1243,966828.0,MPIC++,3
1244,969551.0,MPIC++,3
1245,966913.0,MPIC++,3
1246,966099.0,MPIC++,3
1247,967448.0,MPIC++,3
1248,996387.0,MPIC++,3
1249,1027290.0,MPIC++,3
1250,985205.0,MPIC++,3
1251,1083120.0,MPIC++,3
1252,969572.0,MPIC++,3
1253,1375640.0,MPIC++,3
1254,966773.0,MPIC++,3
1255,967708.0,MPIC++,3
1256,969222.0,MPIC++,3
1257,973401.0,MPIC++,3
1258,970209.0,MPIC++,3
1259,922203.0,MPIC++,3
1260,978838.0,MPIC++,3
1261,980021.0,MPIC++,3
1262,985458.0,MPIC++,3
1263,985586.0,MPIC++,3
1264,967118.0,MPIC++,3
1265,1000560.0,MPIC++,3
1266,966169.0,MPIC++,3
1267,989474.0,MPIC++,3
1268,980727.0,MPIC++,3
1269,1378990.0,MPIC++,3
1270,967481.0,MPIC++,3
1271,967365.0,MPIC++,3
1272,974213.0,MPIC++,3
1273,1012720.0,MPIC++,3
1274,976484.0,MPIC++,3
1275,1039900.0,MPIC++,3
1276,969319.0,MPIC++,3
1277,985461.0,MPIC++,3
1278,970757.0,MPIC++,3
1279,1371610.0,MPIC++,3
1280,982135.0,MPIC++,3
1281,980371.0,MPIC++,3
1282,971592.0,MPIC++,3
1283,974709.0,MPIC++,3
1284,972873.0,MPIC++,3
1285,978570.0,MPIC++,3
1286,977076.0,MPIC++,3
1287,984040.0,MPIC++,3
1288,1010630.0,MPIC++,3
1289,1383110.0,MPIC++,3
1290,975608.0,MPIC++,3
1291,975714.0,MPIC++,3
1292,985255.0,MPIC++,3
1293,971039.0,MPIC++,3
1294,968762.0,MPIC++,3
1295,966902.0,MPIC++,3
1296,1379980.0,MPIC++,3
1297,970157.0,MPIC++,3
1298,1053890.0,MPIC++,3
1299,969237.0,MPIC++,3
1300,966496.0,MPIC++,3
1301,966824.0,MPIC++,3
1302,968729.0,MPIC++,3
1303,966194.0,MPIC++,3
1304,971521.0,MPIC++,3
1305,969255.0,MPIC++,3
1306,968295.0,MPIC++,3
1307,970991.0,MPIC++,3
1308,1368380.0,MPIC++,3
1309,965999.0,MPIC++,3
1310,966720.0,MPIC++,3
1311,966338.0,MPIC++,3
1312,964060.0,MPIC++,3
1313,964399.0,MPIC++,3
1314,964077.0,MPIC++,3
1315,964448.0,MPIC++,3
1316,965944.0,MPIC++,3
1317,966786.0,MPIC++,3
1318,966039.0,MPIC++,3
1319,966146.0,MPIC++,3
1320,986380.0,MPIC++,3
1321,1004940.0,MPIC++,3
1322,978151.0,MPIC++,3
1323,1014450.0,MPIC++,3
1324,968739.0,MPIC++,3
1325,999765.0,MPIC++,3
1326,1210310.0,MPIC++,3
1327,973195.0,MPIC++,3
1328,970296.0,MPIC++,3
1329,969612.0,MPIC++,3
1330,1052580.0,MPIC++,3
1331,972092.0,MPIC++,3
1332,982158.0,MPIC++,3
1333,1019510.0,MPIC++,3
1334,926887.0,MPIC++,3
1335,1023800.0,MPIC++,3
1336,972088.0,MPIC++,3
1337,965299.0,MPIC++,3
1338,964403.0,MPIC++,3
1339,992338.0,MPIC++,3
1340,1375160.0,MPIC++,3
1341,966477.0,MPIC++,3
1342,965941.0,MPIC++,3
1343,991163.0,MPIC++,3
1344,980602.0,MPIC++,3
1345,1014120.0,MPIC++,3
1346,991641.0,MPIC++,3
1347,1047810.0,MPIC++,3
1348,979358.0,MPIC++,3
1349,986263.0,MPIC++,3
1350,972252.0,MPIC++,3
1351,1373200.0,MPIC++,3
1352,972453.0,MPIC++,3
1353,1056200.0,MPIC++,3
1354,971290.0,MPIC++,3
1355,969015.0,MPIC++,3
1356,981062.0,MPIC++,3
1357,975202.0,MPIC++,3
1358,980806.0,MPIC++,3
1359,976609.0,MPIC++,3
1360,1112880.0,MPIC++,3
1361,995160.0,MPIC++,3
1362,982473.0,MPIC++,3
1363,1338850.0,MPIC++,3
1364,975693.0,MPIC++,3
1365,967578.0,MPIC++,3
1366,968017.0,MPIC++,3
1367,967047.0,MPIC++,3
1368,1379670.0,MPIC++,3
1369,973196.0,MPIC++,3
1370,973341.0,MPIC++,3
1371,974271.0,MPIC++,3
1372,1170650.0,MPIC++,3
1373,973138.0,MPIC++,3
1374,972456.0,MPIC++,3
1375,969751.0,MPIC++,3
1376,970331.0,MPIC++,3
1377,970902.0,MPIC++,3
1378,970846.0,MPIC++,3
1379,970452.0,MPIC++,3
1380,1362730.0,MPIC++,3
1381,976579.0,MPIC++,3
1382,971673.0,MPIC++,3
1383,969826.0,MPIC++,3
1384,982819.0,MPIC++,3
1385,967395.0,MPIC++,3
1386,968951.0,MPIC++,3
1387,968020.0,MPIC++,3
1388,1086110.0,MPIC++,3
1389,966439.0,MPIC++,3
1390,966652.0,MPIC++,3
1391,966863.0,MPIC++,3
1392,977803.0,MPIC++,3
1393,1383230.0,MPIC++,3
1394,1004410.0,MPIC++,3
1395,969820.0,MPIC++,3
1396,1092890.0,MPIC++,3
1397,985248.0,MPIC++,3
1398,969237.0,MPIC++,3
1399,968093.0,MPIC++,3
1400,973309.0,MPIC++,3
1401,972619.0,MPIC++,3
1402,976806.0,MPIC++,3
1403,971464.0,MPIC++,3
1404,980827.0,MPIC++,3
1405,1025600.0,MPIC++,3
1406,998296.0,MPIC++,3
1407,1003460.0,MPIC++,3
1408,1324460.0,MPIC++,3
1409,990711.0,MPIC++,3
1410,1010100.0,MPIC++,3
1411,993231.0,MPIC++,3
1412,978654.0,MPIC++,3
1413,965200.0,MPIC++,3
1414,972961.0,MPIC++,3
1415,993447.0,MPIC++,3
1416,1258450.0,MPIC++,3
1417,992777.0,MPIC++,3
1418,1008150.0,MPIC++,3
1419,1228630.0,MPIC++,3
1420,1006050.0,MPIC++,3
1421,968255.0,MPIC++,3
1422,968561.0,MPIC++,3
1423,973814.0,MPIC++,3
1424,973468.0,MPIC++,3
1425,992849.0,MPIC++,3
1426,973420.0,MPIC++,3
1427,1107070.0,MPIC++,3
1428,971038.0,MPIC++,3
1429,976306.0,MPIC++,3
1430,1373060.0,MPIC++,3
1431,974111.0,MPIC++,3
1432,1112600.0,MPIC++,3
1433,966211.0,MPIC++,3
1434,970489.0,MPIC++,3
1435,980263.0,MPIC++,3
1436,980422.0,MPIC++,3
1437,967767.0,MPIC++,3
1438,966737.0,MPIC++,3
1439,968458.0,MPIC++,3
