CU,Name,StageIn,Allocate,Exec,StageOut,Done
unit.000000,Euclidean_dist_1_1,8.94905304909,8.95158290863,32.3696820736,36.020004034,36.9809510708,
unit.000001,Euclidean_dist_1_8193,8.89851498604,8.90148496628,30.5625200272,33.5951519012,34.1281399727,
unit.000002,Euclidean_dist_1_16385,8.36617088318,8.3689558506,18.2085568905,21.8302378654,23.3817610741,
unit.000003,Euclidean_dist_1_24577,8.37297701836,8.37572693825,18.4404819012,24.3402929306,24.9348978996,
unit.000004,Euclidean_dist_1_32769,8.38100600243,8.38360691071,18.5057220459,21.8110349178,23.6449549198,
unit.000005,Euclidean_dist_1_40961,8.40876603127,8.41157603264,19.2339088917,21.8418278694,23.8018100262,
unit.000006,Euclidean_dist_1_49153,8.41952586174,8.42223286629,19.9483799934,25.1601879597,26.3833110332,
unit.000007,Euclidean_dist_1_57345,8.44013500214,8.442923069,21.0860469341,26.0714690685,26.54043293,
unit.000008,Euclidean_dist_1_65537,8.45345306396,8.45617294312,21.8071918488,27.0873639584,27.938421011,
unit.000009,Euclidean_dist_1_73729,8.46715402603,8.46971607208,21.8911249638,25.1699180603,26.4879760742,
unit.000010,Euclidean_dist_1_81921,8.90140604973,8.90496301651,30.5893700123,35.0177528858,35.7948589325,
unit.000011,Euclidean_dist_1_90113,8.51688599586,8.51953005791,22.4969909191,28.919946909,29.1755640507,
unit.000012,Euclidean_dist_1_98305,7.54540205002,7.54805397987,9.51983904839,14.7381548882,15.9779419899,
unit.000013,Euclidean_dist_1_106497,8.35735797882,8.36004900932,17.8156938553,22.9161438942,23.536386013,
unit.000014,Euclidean_dist_1_114689,7.34028196335,7.34313106537,7.39573097229,9.62083292007,13.1573748589,
unit.000015,Euclidean_dist_1_122881,8.31493592262,8.31755185127,17.2006509304,21.7904288769,23.1688928604,
unit.000016,Euclidean_dist_1_131073,8.24882388115,8.25146102905,15.9628288746,17.8288249969,19.3461399078,
unit.000017,Euclidean_dist_1_139265,8.84064602852,8.84368395805,29.2461900711,32.0665609837,32.4536468983,
unit.000018,Euclidean_dist_8193_1,8.87119698524,8.87369394302,29.9543969631,32.3284919262,33.9103970528,
unit.000019,Euclidean_dist_8193_8193,8.91643404961,8.9194290638,31.3655118942,35.4156270027,36.9303028584,
unit.000020,Euclidean_dist_8193_16385,8.16076993942,8.16991591454,13.740418911,21.0768949986,21.7782108784,
unit.000021,Euclidean_dist_8193_24577,8.21199798584,8.21482205391,14.7504160404,17.9089109898,19.2896940708,
unit.000022,Euclidean_dist_8193_32769,7.7459089756,7.74986600876,12.65523386,18.4136118889,19.1833899021,
unit.000023,Euclidean_dist_8193_40961,7.7744679451,7.77894592285,12.8804500103,17.0243630409,17.6819698811,
unit.000024,Euclidean_dist_8193_49153,7.60575294495,7.60808491707,10.1901659966,13.8181660175,14.7929348946,
unit.000025,Euclidean_dist_8193_57345,7.6281619072,7.63201189041,10.9444758892,14.2324299812,14.8983240128,
unit.000026,Euclidean_dist_8193_65537,7.65515685081,7.65792798996,11.5914978981,16.4868428707,17.5274429321,
unit.000027,Euclidean_dist_8193_73729,8.30281186104,8.3056910038,16.9398829937,19.2283239365,19.507694006,
unit.000028,Euclidean_dist_8193_81921,8.47746300697,8.48674106598,22.0504889488,25.3613190651,26.6454699039,
unit.000029,Euclidean_dist_8193_90113,8.28608107567,8.28875803947,16.4968440533,18.4227750301,19.5059659481,
unit.000030,Euclidean_dist_8193_98305,7.72716188431,7.73053789139,12.4400730133,17.8062260151,19.1289510727,
unit.000031,Euclidean_dist_8193_106497,7.79115390778,7.7950398922,13.2115519047,19.6330599785,20.6919739246,
unit.000032,Euclidean_dist_8193_114689,7.73056507111,7.73469996452,12.5020768642,15.9575078487,16.3925800323,
unit.000033,Euclidean_dist_8193_122881,7.71369194984,7.71739888191,12.1726799011,16.8689310551,17.5774219036,
unit.000034,Euclidean_dist_8193_131073,7.33408594131,7.33720207214,7.36884999275,9.44797992706,13.105232954,
unit.000035,Euclidean_dist_8193_139265,7.35739898682,7.36022305489,7.52407503128,9.45455002785,13.3148090839,
unit.000036,Euclidean_dist_16385_1,8.64673995972,8.64997506142,25.8745748997,30.0411250591,31.0520188808,
unit.000037,Euclidean_dist_16385_8193,8.6570649147,8.66008591652,26.1982798576,31.0572838783,31.1067779064,
unit.000038,Euclidean_dist_16385_16385,8.7095720768,8.71365404129,27.401460886,29.7577910423,31.2126400471,
unit.000039,Euclidean_dist_16385_24577,8.70585489273,8.70945596695,27.1351919174,32.2343530655,33.5865499973,
unit.000040,Euclidean_dist_16385_32769,8.78790187836,8.79301595688,28.5182919502,32.0496149063,32.4518039227,
unit.000041,Euclidean_dist_16385_40961,8.79749298096,8.80091094971,28.6381440163,34.5022389889,35.4278838634,
unit.000042,Euclidean_dist_16385_49153,8.8375120163,8.84117293358,29.2170050144,32.3472950459,33.7491500378,
unit.000043,Euclidean_dist_16385_57345,8.85742497444,8.86066389084,29.5596020222,32.2209239006,33.908782959,
unit.000044,Euclidean_dist_16385_65537,8.87571907043,8.87814688683,30.0182430744,34.8094480038,35.741904974,
unit.000045,Euclidean_dist_16385_73729,8.89395689964,8.89615106583,30.1736199856,35.0147340298,35.7439248562,
unit.000046,Euclidean_dist_16385_81921,8.90453791618,8.90720891953,30.608232975,33.290407896,34.1287310123,
unit.000047,Euclidean_dist_16385_90113,7.37426304817,7.37690591812,7.618090868,9.52206492424,13.4717068672,
unit.000048,Euclidean_dist_16385_98305,7.42105698586,7.42357993126,8.30313491821,11.5613799095,13.839936018,
unit.000049,Euclidean_dist_16385_106497,7.35168194771,7.35451006889,7.48768806458,9.46727800369,13.2624130249,
unit.000050,Euclidean_dist_16385_114689,7.47210597992,7.47465586662,8.48005390167,12.3585879803,13.996201992,
unit.000051,Euclidean_dist_16385_122881,8.33262991905,8.33831095695,17.3382389545,21.822152853,23.2212090492,
unit.000052,Euclidean_dist_16385_131073,8.34077787399,8.34372496605,17.3821649551,21.7954108715,23.2246990204,
unit.000053,Euclidean_dist_16385_139265,8.27013587952,8.27297902107,16.2201299667,18.0182130337,19.4522900581,
unit.000054,Euclidean_dist_24577_1,7.64540600777,7.65241503716,11.4473788738,15.3457350731,16.1341090202,
unit.000055,Euclidean_dist_24577_8193,8.25256204605,8.26421999931,15.986577034,21.8166329861,22.9629809856,
unit.000056,Euclidean_dist_24577_16385,8.18939685822,8.19224286079,14.2382359505,20.9746489525,21.8251650333,
unit.000057,Euclidean_dist_24577_24577,7.36318993568,7.36595702171,7.55213904381,9.47380590439,13.3672840595,
unit.000058,Euclidean_dist_24577_32769,7.37160491943,7.37430000305,7.60210800171,9.45774888992,13.4214119911,
unit.000059,Euclidean_dist_24577_40961,7.39256095886,7.39521408081,7.7692990303,9.44518208504,13.6313378811,
unit.000060,Euclidean_dist_24577_49153,8.416877985,8.41952204704,19.6387910843,25.4632890224,26.3809480667,
unit.000061,Euclidean_dist_24577_57345,7.42361593246,7.43394207954,8.33494997025,11.3399078846,13.8435409069,
unit.000062,Euclidean_dist_24577_65537,7.50598406792,7.51226902008,8.73336601257,11.6457870007,14.2163200378,
unit.000063,Euclidean_dist_24577_73729,8.18289399147,8.18564891815,13.9337248802,16.8877408504,17.945374012,
unit.000064,Euclidean_dist_24577_81921,8.21506094933,8.22119903564,14.7816848755,17.4171090126,17.9979069233,
unit.000065,Euclidean_dist_24577_90113,8.19230985641,8.20378303528,14.3394200802,16.1651890278,16.4473969936,
unit.000066,Euclidean_dist_24577_98305,8.24073505402,8.2490799427,15.7566518784,21.7831559181,22.9593689442,
unit.000067,Euclidean_dist_24577_106497,8.15497994423,8.15804195404,13.6139199734,17.1640920639,17.8411278725,
unit.000068,Euclidean_dist_24577_114689,8.41402006149,8.41688108444,19.3633298874,24.5455510616,25.0398020744,
unit.000069,Euclidean_dist_24577_122881,7.34309387207,7.34608793259,7.4096930027,9.41919994354,13.1594319344,
unit.000070,Euclidean_dist_24577_131073,8.39938402176,8.40353488922,19.0337710381,22.1986169815,23.6971099377,
unit.000071,Euclidean_dist_24577_139265,8.37572598457,8.37856006622,18.4601418972,21.8080849648,23.5926949978,
unit.000072,Euclidean_dist_32769_1,8.26726984978,8.27017593384,16.1912000179,18.4257929325,19.398829937,
unit.000073,Euclidean_dist_32769_8193,8.4252820015,8.42909789085,20.3751149178,22.2489609718,23.8035190105,
unit.000074,Euclidean_dist_32769_16385,8.4461979866,8.44932198524,21.5869460106,23.6552269459,23.8563330173,
unit.000075,Euclidean_dist_32769_24577,7.41505885124,7.4210190773,8.27729797363,11.5434288979,13.7913770676,
unit.000076,Euclidean_dist_32769_32769,7.40837788582,7.41510796547,8.25013804436,12.4621419907,13.7876660824,
unit.000077,Euclidean_dist_32769_40961,8.69214200974,8.70024895668,26.9917850494,30.0563578606,31.2105338573,
unit.000078,Euclidean_dist_32769_49153,8.88634490967,8.88895106316,30.1091308594,32.6837239265,34.0146448612,
unit.000079,Euclidean_dist_32769_57345,8.50321888924,8.50586295128,22.3749718666,24.3796269894,25.2485358715,
unit.000080,Euclidean_dist_32769_65537,8.84368991852,8.84674906731,29.2950389385,32.3168408871,33.7510790825,
unit.000081,Euclidean_dist_32769_73729,8.8257920742,8.82888388634,29.0452489853,34.7075998783,35.5328168869,
unit.000082,Euclidean_dist_32769_81921,7.58160805702,7.58543801308,9.66815495491,13.7152938843,14.6835889816,
unit.000083,Euclidean_dist_32769_90113,8.53912305832,8.5416738987,23.230948925,28.6377630234,29.2306659222,
unit.000084,Euclidean_dist_32769_98305,8.49761891365,8.50065398216,22.3205778599,25.4774959087,26.6980130672,
unit.000085,Euclidean_dist_32769_106497,8.52527403831,8.52830290794,22.6174838543,29.1228420734,30.5789949894,
unit.000086,Euclidean_dist_32769_114689,7.36019587517,7.36318492889,7.53703784943,9.42768192291,13.3166680336,
unit.000087,Euclidean_dist_32769_122881,7.51709103584,7.52107787132,8.7784318924,12.4792120457,14.268130064,
unit.000088,Euclidean_dist_32769_131073,8.88216304779,8.88640785217,30.0810909271,33.8997058868,33.9635369778,
unit.000089,Euclidean_dist_32769_139265,7.61793208122,7.62113785744,10.6361269951,13.1813209057,14.8458070755,
unit.000090,Euclidean_dist_40961_1,7.6376478672,7.642827034,11.1432359219,14.9416399002,16.0822930336,
unit.000091,Euclidean_dist_40961_8193,7.65789794922,7.66449403763,11.6585218906,14.9442639351,16.1837949753,
unit.000092,Euclidean_dist_40961_16385,7.69327688217,7.69643592834,12.0644319057,16.2897260189,16.2907340527,
unit.000093,Euclidean_dist_40961_24577,8.22504806519,8.22880196571,14.9510629177,17.0018939972,18.0521550179,
unit.000094,Euclidean_dist_40961_32769,7.72017502785,7.72282886505,12.3675758839,17.0802900791,17.580270052,
unit.000095,Euclidean_dist_40961_40961,8.82956600189,8.83401203156,29.1368479729,32.2953510284,33.6976270676,
unit.000096,Euclidean_dist_40961_49153,7.75329899788,7.76447296143,12.7797329426,16.1607508659,16.3949658871,
unit.000097,Euclidean_dist_40961_57345,7.38739895821,7.38995790482,7.72120690346,9.43981695175,13.5786449909,
unit.000098,Euclidean_dist_40961_65537,7.80444598198,7.80773591995,13.5015609264,16.9916288853,17.7889778614,
unit.000099,Euclidean_dist_40961_73729,8.48954606056,8.49245786667,22.1717550755,24.8632879257,25.1463558674,
unit.000100,Euclidean_dist_40961_81921,8.36280202866,8.36613988876,17.9146928787,21.803632021,23.3787519932,
unit.000101,Euclidean_dist_40961_90113,7.80112600327,7.80445599556,13.4231898785,17.1960630417,17.786534071,
unit.000102,Euclidean_dist_40961_98305,8.29188394547,8.29455804825,16.6231849194,21.7858390808,23.0639510155,
unit.000103,Euclidean_dist_40961_106497,8.28878688812,8.29190087318,16.5541930199,23.2215769291,23.4342939854,
unit.000104,Euclidean_dist_40961_114689,8.87815785408,8.88226008415,30.0631320477,32.3499848843,33.9617459774,
unit.000105,Euclidean_dist_40961_122881,8.85144686699,8.85465788841,29.4884409904,32.2179539204,33.8558349609,
unit.000106,Euclidean_dist_40961_131073,7.53639602661,7.53900194168,9.49205803871,12.6667649746,14.4222760201,
unit.000107,Euclidean_dist_40961_139265,7.54862308502,7.55108785629,9.54102492332,10.5279369354,14.4735629559,
unit.000108,Euclidean_dist_49153_1,7.59060406685,7.5984609127,9.71915698051,14.77115798,16.0276780128,
unit.000109,Euclidean_dist_49153_8193,8.54166507721,8.54423499107,23.26709795,28.2054848671,29.28115201,
unit.000110,Euclidean_dist_49153_16385,8.48672604561,8.489757061,22.1097609997,26.2756168842,26.696048975,
unit.000111,Euclidean_dist_49153_24577,8.88894987106,8.89131808281,30.1255469322,32.9874589443,34.0165729523,
unit.000112,Euclidean_dist_49153_32769,8.20374298096,8.2120039463,14.4779958725,19.9490308762,20.698196888,
unit.000113,Euclidean_dist_49153_40961,8.60671305656,8.60948395729,24.9128658772,29.2350878716,30.8418638706,
unit.000114,Euclidean_dist_49153_49153,8.62002587318,8.62292504311,25.2571160793,29.9396879673,30.9470760822,
unit.000115,Euclidean_dist_49153_57345,8.63407802582,8.64400601387,25.5940718651,27.7993969917,28.0973029137,
unit.000116,Euclidean_dist_49153_65537,8.65390992165,8.65704894066,26.1495170593,30.549476862,31.1045069695,
unit.000117,Euclidean_dist_49153_73729,8.66894197464,8.67185306549,26.3872170448,30.1593198776,31.1592729092,
unit.000118,Euclidean_dist_49153_81921,8.65111494064,8.65392398834,26.0839319229,29.2454619408,31.0543949604,
unit.000119,Euclidean_dist_49153_90113,7.62115907669,7.6281440258,10.7374739647,13.4140529633,14.8963930607,
unit.000120,Euclidean_dist_49153_98305,7.78377485275,7.78720092773,12.9834110737,18.6227350235,19.2361159325,
unit.000121,Euclidean_dist_49153_106497,7.79790091515,7.80113887787,13.3961000443,17.0963900089,17.7368729115,
unit.000122,Euclidean_dist_49153_114689,8.37012696266,8.3729429245,18.4261059761,21.8059198856,23.5896689892,
unit.000123,Euclidean_dist_49153_122881,8.46187806129,8.46458792686,21.8543319702,25.0553970337,26.4860739708,
unit.000124,Euclidean_dist_49153_131073,8.45904994011,8.46186900139,21.8354969025,24.6478219032,25.0419449806,
unit.000125,Euclidean_dist_49153_139265,8.4749288559,8.4774119854,21.9758319855,24.2375109196,25.1440410614,
unit.000126,Euclidean_dist_57345_1,8.89614796638,8.89846396446,30.1956410408,32.8882279396,34.0728590488,
unit.000127,Euclidean_dist_57345_8193,8.80991005898,8.81315898895,28.7850790024,34.6057388783,35.4788789749,
unit.000128,Euclidean_dist_57345_16385,8.57819890976,8.58102703094,24.3526608944,27.3909430504,28.0447380543,
unit.000129,Euclidean_dist_57345_24577,8.86630105972,8.86911892891,29.7621328831,34.9106769562,35.6382639408,
unit.000130,Euclidean_dist_57345_32769,8.27296996117,8.2759039402,16.2711820602,22.3001229763,23.011633873,
unit.000131,Euclidean_dist_57345_40961,7.56764507294,7.57207798958,9.62520098686,12.565294981,14.5811359882,
unit.000132,Euclidean_dist_57345_49153,8.59335303307,8.60132789612,24.6534738541,27.7970209122,28.0954818726,
unit.000133,Euclidean_dist_57345_57345,8.58513402939,8.58782887459,24.442966938,29.2253880501,30.6870119572,
unit.000134,Euclidean_dist_57345_65537,7.58814096451,7.59063506126,9.7060508728,12.7946550846,14.7356419563,
unit.000135,Euclidean_dist_57345_73729,8.53100085258,8.53351902962,22.9254410267,30.1437699795,30.7370769978,
unit.000136,Euclidean_dist_57345_81921,8.90929293633,8.91177988052,30.8598780632,33.5986828804,34.1833150387,
unit.000137,Euclidean_dist_57345_90113,8.93488788605,8.9372279644,32.2234649658,33.6065499783,34.2878599167,
unit.000138,Euclidean_dist_57345_98305,7.67355489731,7.67626404762,11.7118220329,14.7680108547,16.2360620499,
unit.000139,Euclidean_dist_57345_106497,7.70724391937,7.71322798729,12.115252018,16.1561579704,16.3429059982,
unit.000140,Euclidean_dist_57345_114689,7.4805688858,7.48327803612,8.57716989517,12.4068739414,14.0606908798,
unit.000141,Euclidean_dist_57345_122881,8.2642159462,8.26726984978,16.1689958572,18.417001009,19.3952729702,
unit.000142,Euclidean_dist_57345_131073,7.38200902939,7.38469600677,7.67372989655,9.4370880127,13.5264489651,
unit.000143,Euclidean_dist_57345_139265,7.37943506241,7.38201498985,7.65503787994,9.46202397346,13.5240058899,
unit.000144,Euclidean_dist_65537_1,7.65242195129,7.65508008003,11.5527088642,16.5717699528,17.5246870518,
unit.000145,Euclidean_dist_65537_8193,8.51409006119,8.51689100266,22.4696419239,25.6666679382,26.8024039268,
unit.000146,Euclidean_dist_65537_16385,8.83405900002,8.83736085892,29.1968369484,34.608659029,35.5839319229,
unit.000147,Euclidean_dist_65537_24577,7.43396806717,7.4636759758,8.36320590973,12.9778389931,13.8922119141,
unit.000148,Euclidean_dist_65537_32769,8.61724996567,8.6200928688,25.1966478825,29.7369160652,30.8968789577,
unit.000149,Euclidean_dist_65537_40961,7.4666249752,7.4694750309,8.42162799835,13.2819070816,13.9443659782,
unit.000150,Euclidean_dist_65537_49153,8.37857198715,8.38101005554,18.4817950726,21.8353209496,23.6422760487,
unit.000151,Euclidean_dist_65537_57345,8.42908501625,8.43165898323,20.7781338692,22.9233789444,23.8543119431,
unit.000152,Euclidean_dist_65537_65537,8.27849507332,8.28185200691,16.3271889687,18.4197590351,19.4529218674,
unit.000153,Euclidean_dist_65537_73729,8.29494905472,8.2975590229,16.7188589573,21.8198399544,23.0676219463,
unit.000154,Euclidean_dist_65537_81921,8.80682396889,8.80985808372,28.7192969322,35.6175880432,36.8776400089,
unit.000155,Euclidean_dist_65537_90113,8.34907388687,8.35162305832,17.4432449341,21.8245549202,23.3262989521,
unit.000156,Euclidean_dist_65537_98305,8.76445102692,8.77184796333,28.1643610001,30.8542850018,31.3181378841,
unit.000157,Euclidean_dist_65537_106497,7.55614304543,7.56496095657,9.59028792381,12.7747550011,14.5293529034,
unit.000158,Euclidean_dist_65537_114689,8.3962059021,8.39932894707,18.7356338501,23.6270098686,23.6953060627,
unit.000159,Euclidean_dist_65537_122881,8.18635606766,8.18921685219,14.0615119934,17.2048509121,17.9957690239,
unit.000160,Euclidean_dist_65537_131073,8.32023000717,8.32275485992,17.2430188656,23.5415480137,23.4838590622,
unit.000161,Euclidean_dist_65537_139265,8.46969103813,8.47225594521,21.9105780125,24.8517570496,25.0919258595,
unit.000162,Euclidean_dist_73729_1,8.9324388504,8.93504500389,32.1402330399,33.6015188694,34.236235857,
unit.000163,Euclidean_dist_73729_8193,8.84651589394,8.85152792931,29.3595030308,32.1499240398,33.8049340248,
unit.000164,Euclidean_dist_73729_16385,8.77957487106,8.78386092186,28.4225320816,31.6623170376,32.3999149799,
unit.000165,Euclidean_dist_73729_24577,8.7136759758,8.72312402725,27.8063189983,30.5813820362,31.263117075,
unit.000166,Euclidean_dist_73729_32769,7.72281885147,7.7254679203,12.4059460163,20.051240921,20.6453158855,
unit.000167,Euclidean_dist_73729_40961,8.53619599342,8.53912401199,23.0239710808,28.0997240543,29.2281708717,
unit.000168,Euclidean_dist_73729_49153,8.55360603333,8.55652594566,23.5672490597,28.9690470695,29.3336279392,
unit.000169,Euclidean_dist_73729_57345,8.56480288506,8.56753087044,23.9648518562,29.4980289936,30.6327080727,
unit.000170,Euclidean_dist_73729_65537,8.23421597481,8.23805499077,15.3519220352,21.0933768749,21.8309390545,
unit.000171,Euclidean_dist_73729_73729,8.35165905952,8.354377985,17.4655590057,21.8013029099,23.3294239044,
unit.000172,Euclidean_dist_73729_81921,8.4493598938,8.4534509182,21.7925229073,26.8837270737,26.5928750038,
unit.000173,Euclidean_dist_73729_90113,8.54422903061,8.55364704132,23.5385639668,28.6611819267,29.283176899,
unit.000174,Euclidean_dist_73729_98305,7.37687897682,7.37950396538,7.63580608368,9.43391799927,13.4734649658,
unit.000175,Euclidean_dist_73729_106497,8.34636497498,8.34903788567,17.4259538651,21.798760891,23.2770080566,
unit.000176,Euclidean_dist_73729_114689,8.93710708618,8.9399869442,32.2444639206,33.698045969,34.2897069454,
unit.000177,Euclidean_dist_73729_122881,8.72755503654,8.73195505142,27.861342907,30.5846688747,31.3158018589,
unit.000178,Euclidean_dist_73729_131073,7.53128886223,7.53389501572,9.46204400063,11.6548559666,14.3708059788,
unit.000179,Euclidean_dist_73729_139265,8.22111201286,8.22493386269,14.809803009,17.2143340111,18.0487539768,
unit.000180,Euclidean_dist_81921_1,8.81317901611,8.81637406349,28.8547968864,34.5059490204,35.4804470539,
unit.000181,Euclidean_dist_81921_8193,7.79510903358,7.79784488678,13.2880759239,18.6254739761,19.2369379997,
unit.000182,Euclidean_dist_81921_16385,8.671875,8.67535495758,26.4120678902,28.4417700768,29.5506060123,
unit.000183,Euclidean_dist_81921_24577,7.67622685432,7.68510890007,11.8747000694,16.259016037,16.2383298874,
unit.000184,Euclidean_dist_81921_32769,8.61210989952,8.61477684975,25.0610558987,29.1342890263,30.8443279266,
unit.000185,Euclidean_dist_81921_40961,8.91941595078,8.93250894547,31.6720340252,33.2940559387,34.2345309258,
unit.000186,Euclidean_dist_81921_49153,8.94088888168,8.94355106354,32.2985248566,33.7007420063,34.3456819057,
unit.000187,Euclidean_dist_81921_57345,8.59062004089,8.59333491325,24.5922238827,29.521848917,30.7394618988,
unit.000188,Euclidean_dist_81921_65537,7.57200407982,7.57885789871,9.63919305801,13.5253129005,14.631444931,
unit.000189,Euclidean_dist_81921_73729,8.52254390717,8.5252840519,22.5551939011,24.7496590614,25.3009848595,
unit.000190,Euclidean_dist_81921_81921,7.49858903885,7.50550985336,8.70198202133,11.95074296,14.1658759117,
unit.000191,Euclidean_dist_81921_90113,8.38360691071,8.39332604408,18.6328148842,23.9310429096,24.9368538857,
unit.000192,Euclidean_dist_81921_98305,7.39794588089,7.40060901642,7.80786085129,10.9338738918,13.6850750446,
unit.000193,Euclidean_dist_81921_106497,8.94338488579,8.94617795944,32.3371009827,33.6041588783,34.3475608826,
unit.000194,Euclidean_dist_81921_114689,7.46352291107,7.46667385101,8.39490103722,11.4417340755,13.8958158493,
unit.000195,Euclidean_dist_81921_122881,7.47807908058,7.48053407669,8.55223298073,12.377974987,14.061549902,
unit.000196,Euclidean_dist_81921_131073,8.9117770195,8.91646194458,31.0622968674,35.5165438652,36.9282279015,
unit.000197,Euclidean_dist_81921_139265,7.52715301514,7.53123307228,9.44731903076,10.6302940845,14.3211910725,
unit.000198,Euclidean_dist_90113_1,7.53901600838,7.54158806801,9.50479698181,12.1548988819,14.4235348701,
unit.000199,Euclidean_dist_90113_8193,7.55361104012,7.55636787415,9.57366704941,11.6611859798,14.5275199413,
unit.000200,Euclidean_dist_90113_16385,7.57887506485,7.58157801628,9.6519908905,13.383589983,14.632958889,
unit.000201,Euclidean_dist_90113_24577,8.15806293488,8.16076993942,13.7145409584,16.8766858578,17.8909590244,
unit.000202,Euclidean_dist_90113_32769,8.29752588272,8.30018305779,16.8809950352,21.788161993,23.1164410114,
unit.000203,Euclidean_dist_90113_40961,8.40352487564,8.4060819149,19.1009600163,21.8959178925,23.7475919724,
unit.000204,Euclidean_dist_90113_49153,8.50065994263,8.50318789482,22.3394780159,24.3686878681,25.1984779835,
unit.000205,Euclidean_dist_90113_57345,8.60132098198,8.60387086868,24.7553019524,29.3290479183,30.7895019054,
unit.000206,Euclidean_dist_90113_65537,8.72317004204,8.72752094269,27.8445589542,30.5747289658,31.2651500702,
unit.000207,Euclidean_dist_90113_73729,8.89135098457,8.89393496513,30.1573140621,32.8855130672,34.0723268986,
unit.000208,Euclidean_dist_90113_81921,7.34604907036,7.34904098511,7.42828392982,9.4503030777,13.2099769115,
unit.000209,Euclidean_dist_90113_90113,8.52830195427,8.53097987175,22.6564018726,28.6094660759,29.1773619652,
unit.000210,Euclidean_dist_90113_98305,8.58106899261,8.5840139389,24.3897650242,29.4934859276,30.6845450401,
unit.000211,Euclidean_dist_90113_106497,7.33097887039,7.33409404755,7.35418891907,9.40701198578,13.0545358658,
unit.000212,Euclidean_dist_90113_114689,8.30573105812,8.30851507187,16.9714748859,19.0234708786,19.5595979691,
unit.000213,Euclidean_dist_90113_122881,8.34371089935,8.34636807442,17.4087240696,21.9969670773,23.2738659382,
unit.000214,Euclidean_dist_90113_131073,8.73544192314,8.76324486732,28.1088159084,33.0887949467,33.5883200169,
unit.000215,Euclidean_dist_90113_139265,8.81637597084,8.82035398483,28.9186069965,32.2671098709,33.6958100796,
unit.000216,Euclidean_dist_98305_1,8.63132596016,8.6340880394,25.5416018963,30.1571118832,30.9995129108,
unit.000217,Euclidean_dist_98305_8193,8.67534399033,8.67822289467,26.6880879402,32.2303600311,33.5331609249,
unit.000218,Euclidean_dist_98305_16385,8.36010193825,8.36281895638,17.8629710674,23.0182750225,23.5393919945,
unit.000219,Euclidean_dist_98305_24577,8.17941904068,8.18283891678,13.8237788677,17.4146130085,17.9432890415,
unit.000220,Euclidean_dist_98305_32769,7.35459804535,7.35737490654,7.50662708282,9.42499399185,13.2643609047,
unit.000221,Euclidean_dist_98305_40961,7.73878598213,7.74585986137,12.6172220707,17.6040198803,19.1314299107,
unit.000222,Euclidean_dist_98305_49153,8.60388088226,8.60670304298,24.8606119156,29.6349759102,30.7918159962,
unit.000223,Euclidean_dist_98305_57345,8.30015802383,8.30280399323,16.9005460739,20.7724039555,21.8778090477,
unit.000224,Euclidean_dist_98305_65537,8.57318091393,8.57564401627,24.1415109634,26.9856338501,27.9916000366,
unit.000225,Euclidean_dist_98305_73729,8.85442495346,8.85762405396,29.5103619099,32.1798598766,33.8575530052,
unit.000226,Euclidean_dist_98305_81921,8.51126194,8.51410508156,22.4518110752,24.5519628525,25.2506439686,
unit.000227,Euclidean_dist_98305_90113,7.48821401596,7.49382901192,8.64805793762,12.0614800453,14.1139199734,
unit.000228,Euclidean_dist_98305_98305,7.52395200729,7.52710485458,9.43017196655,12.5279068947,14.319494009,
unit.000229,Euclidean_dist_98305_106497,7.38472294807,7.38745307922,7.69755506516,9.47165989876,13.576488018,
unit.000230,Euclidean_dist_98305_114689,7.48342299461,7.48818898201,8.61400294304,12.3895249367,14.1125769615,
unit.000231,Euclidean_dist_98305_122881,7.56506085396,7.56760191917,9.60693287849,12.3991880417,14.5796048641,
unit.000232,Euclidean_dist_98305_131073,7.58547091484,7.58814787865,9.68959307671,13.9323379993,14.6852998734,
unit.000233,Euclidean_dist_98305_139265,8.6094789505,8.61208200455,24.9963870049,36.7222139835,37.033700943,
unit.000234,Euclidean_dist_106497_1,7.59845995903,7.60105991364,9.73737287521,13.7233040333,14.7373769283,
unit.000235,Euclidean_dist_106497_8193,7.46958494186,7.47203087807,8.44552302361,12.2568678856,13.9478960037,
unit.000236,Euclidean_dist_106497_16385,8.4315328598,8.44017887115,20.9803800583,26.6838228703,26.5386910439,
unit.000237,Euclidean_dist_106497_24577,7.40060091019,7.40315103531,8.17005085945,11.1379640102,13.7354030609,
unit.000238,Euclidean_dist_106497_32769,8.27588486671,8.27851986885,16.3034348488,22.6130859852,23.0154240131,
unit.000239,Euclidean_dist_106497_40961,7.32622599602,7.33226394653,7.33524799347,9.51644992828,13.0524919033,
unit.000240,Euclidean_dist_106497_49153,7.47473502159,7.47800207138,8.51479506493,13.0848500729,13.9995570183,
unit.000241,Euclidean_dist_106497_57345,8.30955195427,8.31222605705,17.0224299431,21.8450319767,23.1198759079,
unit.000242,Euclidean_dist_106497_65537,8.70129108429,8.70558905602,27.0973658562,32.3409349918,33.5350029469,
unit.000243,Euclidean_dist_106497_73729,7.53388786316,7.53637194633,9.47711491585,10.7315349579,14.3720719814,
unit.000244,Euclidean_dist_106497_81921,8.3543548584,8.35733485222,17.6097409725,23.2243978977,23.486907959,
unit.000245,Euclidean_dist_106497_90113,8.78390407562,8.78802084923,28.4522590637,32.239759922,33.6422960758,
unit.000246,Euclidean_dist_106497_98305,7.51224803925,7.51712799072,8.7624309063,13.7023038864,14.2179498672,
unit.000247,Euclidean_dist_106497_106497,8.80176687241,8.8058860302,28.6770188808,35.7186489105,36.8755879402,
unit.000248,Euclidean_dist_106497_114689,8.3122279644,8.31492185593,17.0855338573,20.3693549633,20.7443449497,
unit.000249,Euclidean_dist_106497_122881,8.55653500557,8.55932188034,23.6369800568,28.7148549557,29.3355209827,
unit.000250,Euclidean_dist_106497_131073,8.9069879055,8.90933394432,30.6429719925,33.2987539768,34.1815629005,
unit.000251,Euclidean_dist_106497_139265,8.49494099617,8.49761199951,22.2775988579,24.0340518951,25.1962800026,
unit.000252,Euclidean_dist_114689_1,7.68519186974,7.69324398041,11.9563410282,15.9532959461,16.2883858681,
unit.000253,Euclidean_dist_114689_8193,8.23795795441,8.24069499969,15.5566170216,19.3484799862,19.3423690796,
unit.000254,Euclidean_dist_114689_16385,7.36590695381,7.36883687973,7.56740307808,9.51943898201,13.3691408634,
unit.000255,Euclidean_dist_114689_24577,8.47224402428,8.4749288559,21.930054903,24.1357998848,25.0940699577,
unit.000256,Euclidean_dist_114689_32769,8.79268407822,8.79663491249,28.571228981,32.3449048996,33.6427030563,
unit.000257,Euclidean_dist_114689_40961,8.53349494934,8.53619194031,22.9425909519,25.8690309525,26.8552908897,
unit.000258,Euclidean_dist_114689_49153,8.62293100357,8.625841856,25.321187973,28.4352769852,29.4429540634,
unit.000259,Euclidean_dist_114689_57345,8.50864386559,8.51125788689,22.4323279858,26.3778550625,26.7509598732,
unit.000260,Euclidean_dist_114689_65537,7.40324306488,7.40584087372,8.20139408112,11.0430328846,13.7372589111,
unit.000261,Euclidean_dist_114689_73729,7.60809707642,7.61334991455,10.2046480179,13.4041159153,14.8438289165,
unit.000262,Euclidean_dist_114689_81921,8.55936789513,8.56201887131,23.6849780083,26.1844079494,26.8579890728,
unit.000263,Euclidean_dist_114689_90113,8.86889195442,8.8711938858,29.9146099091,34.5089118481,35.6892268658,
unit.000264,Euclidean_dist_114689_98305,7.64284396172,7.64536786079,11.3454699516,15.7509589195,16.131816864,
unit.000265,Euclidean_dist_114689_106497,8.61472892761,8.61724090576,25.1657509804,29.6864659786,30.8945090771,
unit.000266,Euclidean_dist_114689_114689,8.62584900856,8.62846708298,25.3871629238,29.1431908607,30.9493150711,
unit.000267,Euclidean_dist_114689_122881,8.87349295616,8.87577795982,29.994768858,34.735352993,35.6909179688,
unit.000268,Euclidean_dist_114689_131073,8.66011691093,8.66290307045,26.2376029491,28.1030218601,29.4972279072,
unit.000269,Euclidean_dist_114689_139265,8.68008494377,8.69213986397,26.8897988796,31.359336853,32.3983860016,
unit.000270,Euclidean_dist_122881_1,7.78739404678,7.79128789902,13.0888299942,16.5189390182,17.7344110012,
unit.000271,Euclidean_dist_122881_8193,8.77380800247,8.78262090683,28.2075710297,33.3924639225,33.803278923,
unit.000272,Euclidean_dist_122881_16385,7.34901404381,7.35170793533,7.47440886497,9.42205691338,13.2118608952,
unit.000273,Euclidean_dist_122881_24577,8.58781695366,8.59047007561,24.5549860001,28.4045488834,29.3881819248,
unit.000274,Euclidean_dist_122881_32769,7.80769085884,8.15501403809,13.5355348587,17.4030079842,17.8388679028,
unit.000275,Euclidean_dist_122881_40961,8.5194849968,8.52253890038,22.5275099277,25.489000082,26.8042850494,
unit.000276,Euclidean_dist_122881_49153,7.49429607391,7.49857187271,8.673609972,11.8491919041,14.1643810272,
unit.000277,Euclidean_dist_122881_57345,8.45618605614,8.45904994011,21.8206570148,25.1638798714,26.4357550144,
unit.000278,Euclidean_dist_122881_65537,7.39526486397,7.3978509903,7.79014492035,12.0523149967,13.6830940247,
unit.000279,Euclidean_dist_122881_73729,8.39329886436,8.39602899551,18.6628038883,23.9417569637,24.987390995,
unit.000280,Euclidean_dist_122881_81921,8.82044291496,8.82578206062,29.007035017,34.5117969513,35.5311949253,
unit.000281,Euclidean_dist_122881_90113,7.6320168972,7.63469004631,11.0450329781,13.5015468597,14.9484229088,
unit.000282,Euclidean_dist_122881_98305,8.4222278595,8.42524290085,20.0571360588,24.9537119865,26.4336519241,
unit.000283,Euclidean_dist_122881_106497,7.36888694763,7.37162804604,7.58635687828,9.43123006821,13.4195590019,
unit.000284,Euclidean_dist_122881_114689,7.7174539566,7.72018790245,12.2711648941,19.3298408985,19.1815209389,
unit.000285,Euclidean_dist_122881_122881,8.49226689339,8.49492287636,22.1886880398,27.1196050644,27.9893238544,
unit.000286,Euclidean_dist_122881_131073,8.94618391991,8.94904088974,32.3536579609,33.4938919544,34.3986940384,
unit.000287,Euclidean_dist_122881_139265,7.76449990273,7.77446889877,12.8122320175,16.2748658657,16.4448099136,
unit.000288,Euclidean_dist_131073_1,8.33529186249,8.33913993835,17.3506569862,21.5812149048,21.8833329678,
unit.000289,Euclidean_dist_131073_8193,7.61335301399,7.61738491058,10.5360238552,14.3365218639,16.0302579403,
unit.000290,Euclidean_dist_131073_16385,7.77895998955,7.78380393982,12.9208500385,16.8727800846,17.6846129894,
unit.000291,Euclidean_dist_131073_24577,8.66288089752,8.66602492332,26.2850470543,29.2849280834,31.1572389603,
unit.000292,Euclidean_dist_131073_32769,7.66688990593,7.67350888252,11.6812269688,15.5521159172,16.1861069202,
unit.000293,Euclidean_dist_131073_40961,7.60104203224,7.60575485229,10.1457700729,13.9976940155,14.7913179398,
unit.000294,Euclidean_dist_131073_49153,7.74985599518,7.7533018589,12.6817700863,16.973056078,17.6323719025,
unit.000295,Euclidean_dist_131073_57345,8.4429268837,8.44562888145,21.109842062,26.1203770638,26.5911428928,
unit.000296,Euclidean_dist_131073_65537,7.52108097076,7.52387690544,9.41528391838,12.0684769154,14.2698779106,
unit.000297,Euclidean_dist_131073_73729,8.46458888054,8.46714806557,21.8775200844,26.1063959599,26.6436009407,
unit.000298,Euclidean_dist_131073_81921,7.40589404106,7.40825986862,8.22806191444,25.1569240093,26.3306438923,
unit.000299,Euclidean_dist_131073_90113,7.39002895355,7.3924510479,7.7400970459,9.46482086182,13.6289420128,
unit.000300,Euclidean_dist_131073_98305,8.57563090324,8.57809686661,24.2431209087,27.7944009304,28.0425140858,
unit.000301,Euclidean_dist_131073_106497,8.28188300133,8.28604388237,16.3759610653,23.5260488987,23.4313519001,
unit.000302,Euclidean_dist_131073_114689,8.86040902138,8.8634660244,29.6651039124,35.0116569996,35.5855288506,
unit.000303,Euclidean_dist_131073_122881,8.16990494728,8.17943501472,13.7786738873,16.6670739651,17.8929738998,
unit.000304,Euclidean_dist_131073_131073,8.8633980751,8.86637187004,29.7215969563,35.2140450478,35.6366529465,
unit.000305,Euclidean_dist_131073_139265,7.73467588425,7.73882007599,12.5549850464,17.3998980522,17.6296348572,
unit.000306,Euclidean_dist_139265_1,8.64376091957,8.64673495293,25.6864659786,29.4158930779,31.0014669895,
unit.000307,Euclidean_dist_139265_8193,7.63471984863,7.63756489754,11.1012859344,14.4348220825,16.0797870159,
unit.000308,Euclidean_dist_139265_16385,7.69646787643,7.70676207542,12.0874869823,16.2699768543,16.3404579163,
unit.000309,Euclidean_dist_139265_24577,8.56754207611,8.57053995132,23.997371912,28.6463449001,29.3920400143,
unit.000310,Euclidean_dist_139265_32769,7.33718585968,7.34029603004,7.3827650547,9.41621899605,13.1071279049,
unit.000311,Euclidean_dist_139265_40961,8.40609097481,8.40879893303,19.1319599152,21.8139789104,23.7491528988,
unit.000312,Euclidean_dist_139265_49153,8.33805990219,8.34074807167,17.3652939796,19.1264960766,19.6123049259,
unit.000313,Euclidean_dist_139265_57345,8.57052707672,8.5731818676,24.0396299362,26.3806910515,26.9082050323,
unit.000314,Euclidean_dist_139265_65537,7.55112886429,7.55356192589,9.55706000328,11.0790379047,14.4749400616,
unit.000315,Euclidean_dist_139265_73729,8.5058760643,8.50864291191,22.4033298492,26.2896659374,26.7489459515,
unit.000316,Euclidean_dist_139265_81921,8.3227660656,8.33264493942,17.2599048615,21.7927899361,23.1720769405,
unit.000317,Euclidean_dist_139265_90113,8.41142106056,8.41401100159,19.3392219543,23.936866045,24.9894928932,
unit.000318,Euclidean_dist_139265_98305,8.56205892563,8.56492996216,23.9433078766,29.4623858929,30.6300110817,
unit.000319,Euclidean_dist_139265_106497,8.62848591805,8.63128995895,25.4833610058,28.8178949356,29.4446599483,
unit.000320,Euclidean_dist_139265_114689,8.666025877,8.66894602776,26.3204629421,28.5081040859,29.4984829426,
unit.000321,Euclidean_dist_139265_122881,8.31750798225,8.32040095329,17.2242820263,19.0279829502,19.5652959347,
unit.000322,Euclidean_dist_139265_131073,8.95148396492,8.95417404175,32.3840990067,35.2168240547,35.7964820862,
unit.000323,Euclidean_dist_139265_139265,8.22886991501,8.2342209816,14.983684063,18.6280300617,19.2935290337,
