CU,Name,New,StageIn,Allocate,Exec,StageOut,Done
unit.000000,Euclidean_dist_1_1,-1757.09888196,86.9213690758,87.1538920403,2954.04135394,3082.7768259,1368.66967201
unit.000001,Euclidean_dist_1_5399,-1757.08522296,133.77590704,133.979311943,4202.86231899,4466.21787786,2752.45798302
unit.000002,Euclidean_dist_1_10797,-1757.07971597,134.816102982,135.019650936,4254.35917592,4509.69331288,2796.012043
unit.000003,Euclidean_dist_1_16195,-1757.0701201,96.7211809158,96.9246549606,3082.47147489,3332.49503398,1618.26591587
unit.000004,Euclidean_dist_1_21593,-1757.04857397,137.810878992,138.015058994,4339.10795999,4592.432019,2878.93188095
unit.000005,Euclidean_dist_1_26991,-1757.02314591,139.80795908,140.013442039,4369.86139607,4621.38076901,2910.78141093
unit.000006,Euclidean_dist_1_32389,-1757.01369214,121.318383932,121.521904945,3861.15774703,4120.33227301,2406.72051501
unit.000007,Euclidean_dist_1_37787,-1757.00839591,67.7396650314,67.942939043,2544.09961605,2796.15408587,1082.12398291
unit.000008,Euclidean_dist_1_43185,-1757.00385714,32.3701689243,32.5736348629,1527.48206902,1783.13818097,69.5879130363
unit.000009,Euclidean_dist_1_48583,-1756.99877691,146.574850082,146.778275013,4621.38905907,4877.64099789,3163.48051095
unit.000010,Euclidean_dist_1_53981,-1756.98626804,146.291543007,146.495115995,4618.28269792,4872.47095609,3158.3276329
unit.000011,Euclidean_dist_1_59379,-1756.98153901,165.187922955,165.39153409,5123.58272505,5374.12746596,3660.10467601
unit.000012,Euclidean_dist_1_64777,-1756.97518706,147.259625912,147.506444931,4621.99143505,4880.64800596,3166.73905587
unit.000013,Euclidean_dist_1_70175,-1756.96827912,144.740580082,144.944072008,4581.04275107,4833.66016293,3120.07399702
unit.000014,Euclidean_dist_1_75573,-1756.96186304,150.379936934,150.5834589,4718.06814599,4968.20709205,3254.86848307
unit.000015,Euclidean_dist_1_80971,-1756.9563601,88.5298368931,88.7330739498,3044.70162392,3302.03428602,1587.73320508
unit.000016,Euclidean_dist_1_86369,-1756.95111895,87.6009478569,87.804530859,2976.68382692,3228.50840807,1514.52412796
unit.000017,Euclidean_dist_1_91767,-1756.94107509,152.953183889,153.156761885,4841.78636789,5095.9305079,3381.11625695
unit.000018,Euclidean_dist_1_97165,-1756.93557,177.766570091,177.970129967,5526.60641599,5776.22729993,4062.2438519
unit.000019,Euclidean_dist_1_102563,-1756.93026614,154.30824399,154.511869907,4877.64819789,5131.29641294,3417.30171895
unit.000020,Euclidean_dist_1_107961,-1756.92520905,155.823112965,156.026663065,4886.27026296,5145.11944389,3431.79636788
unit.000021,Euclidean_dist_1_113359,-1756.91994905,8.52226090431,8.72574591637,8.92402386665,265.663244963,-1448.57685208
unit.000022,Euclidean_dist_1_118757,-1756.90763903,10.5557260513,10.7622599602,257.743985891,517.671293974,-1196.36359191
unit.000023,Euclidean_dist_1_124155,-1756.89520812,162.370460987,162.574212074,5082.70635605,5331.64933801,3618.0380969
unit.000024,Euclidean_dist_1_129553,-1756.89066792,163.394798994,163.594157934,5091.12328196,5341.66017699,3628.11373591
unit.000025,Euclidean_dist_1_134951,-1756.88496614,164.223289013,164.426897049,5094.43367505,5345.66820908,3631.57790208
unit.000026,Euclidean_dist_1_140349,-1756.86518693,19.204941988,19.4082210064,771.949960947,1021.97861505,-692.786399126
unit.000027,Euclidean_dist_5399_5399,-1756.41724706,167.10521102,167.308764935,5145.12663603,5271.933599,3557.62664795
unit.000028,Euclidean_dist_5399_10797,-1756.41333508,23.2706639767,23.4738740921,1032.71554303,1283.25274491,-430.08962512
unit.000029,Euclidean_dist_5399_16195,-1756.40956807,169.546951056,169.75048399,5271.53882098,5516.85195708,3803.31238008
unit.000030,Euclidean_dist_5399_21593,-1756.40525103,29.4348840714,29.6383609772,1413.68140006,1675.34696794,-38.1850039959
unit.000031,Euclidean_dist_5399_26991,-1756.40104008,56.9101030827,57.113574028,2184.08625603,2439.40613699,725.837980986
unit.000032,Euclidean_dist_5399_32389,-1756.396595,57.5655908585,57.7691149712,2195.78387499,2452.53132391,739.227241993
unit.000033,Euclidean_dist_5399_37787,-1755.96896911,58.7119100094,58.9151899815,2284.14320803,2540.38371205,826.223999023
unit.000034,Euclidean_dist_5399_43185,-1754.74657202,59.4706978798,59.6743528843,2285.14917707,2543.79103589,832.896301985
unit.000035,Euclidean_dist_5399_48583,-1754.739362,57.8419148922,58.1075470448,2213.21632695,2464.0514369,750.234530926
unit.000036,Euclidean_dist_5399_53981,-1754.73577595,145.296886921,145.50036788,4582.92234802,4841.77924299,3128.36092186
unit.000037,Euclidean_dist_5399_59379,-1754.73231912,143.583827972,143.787400961,4509.70065904,4762.3430419,3049.19777489
unit.000038,Euclidean_dist_5399_64777,-1754.72826695,64.4985258579,64.7025859356,2439.9154129,2701.47683907,987.801603079
unit.000039,Euclidean_dist_5399_70175,-1754.72474098,64.2464120388,64.4500699043,2439.41328192,2695.46474886,981.66851902
unit.000040,Euclidean_dist_5399_75573,-1754.72135091,62.1498639584,62.3526899815,2300.18752193,2556.52182794,842.490398884
unit.000041,Euclidean_dist_5399_80971,-1754.7095921,59.7614769936,59.9649720192,2287.25476193,2544.49483609,832.909380913
unit.000042,Euclidean_dist_5399_86369,-1754.70500994,62.4852080345,62.6886780262,2309.40258694,2566.84248996,852.938827038
unit.000043,Euclidean_dist_5399_91767,-1754.68228912,66.5165040493,66.7178208828,2527.16913509,2780.11872387,1066.404598
unit.000044,Euclidean_dist_5399_97165,-1754.67817807,66.720705986,66.921006918,2540.39409804,2795.54934597,1082.10348487
unit.000045,Euclidean_dist_5399_102563,-1754.67432904,67.4287369251,67.6322979927,2543.82874799,2796.41829705,1083.23651505
unit.000046,Euclidean_dist_5399_107961,-1754.67073393,68.4896700382,68.6412889957,2544.5016849,2797.25537586,1083.25801396
unit.000047,Euclidean_dist_5399_113359,-1754.66696191,68.6441679001,68.8444299698,2549.3110919,2803.06675005,1093.04270697
unit.000048,Euclidean_dist_5399_118757,-1754.63613796,69.2877950668,69.4891178608,2550.54079199,2805.17143106,1093.053473
unit.000049,Euclidean_dist_5399_124155,-1754.63163614,69.5458948612,69.6922299862,2554.62396789,2807.87752604,1094.11112905
unit.000050,Euclidean_dist_5399_129553,-1754.61289811,70.6508879662,70.8512299061,2566.04678106,2821.51561499,1107.63134694
unit.000051,Euclidean_dist_5399_134951,-1754.58655691,71.2608029842,71.4643349648,2566.84954095,2819.60930204,1105.56480789
unit.000052,Euclidean_dist_5399_140349,-1754.58232903,72.1901800632,72.3936738968,2695.47213602,2954.03462386,1240.60142708
unit.000053,Euclidean_dist_10797_10797,-1754.57821798,72.5274779797,72.7309939861,2701.4837389,2828.62976909,1114.92162609
unit.000054,Euclidean_dist_10797_16195,-1754.57433796,73.1773109436,73.3808240891,2705.29577708,2957.44212794,1243.75847793
unit.000055,Euclidean_dist_10797_21593,-1754.53225803,73.4527680874,73.656058073,2722.72535491,2976.67398691,1263.68677807
unit.000056,Euclidean_dist_10797_26991,-1754.52428198,74.0117650032,74.2153980732,2780.12595892,3034.23296404,1320.72966886
unit.000057,Euclidean_dist_10797_32389,-1754.52014112,74.2834820747,74.4868750572,2795.55618787,3047.39126992,1333.20904994
unit.000058,Euclidean_dist_10797_37787,-1754.48170209,75.1399040222,75.3400828838,2796.28206205,3049.09629798,1334.29371691
unit.000059,Euclidean_dist_10797_43185,-1754.47611094,75.9837629795,76.1850569248,2797.26247692,3044.68558288,1331.06614208
unit.000060,Euclidean_dist_10797_48583,-1754.47209907,76.1879370213,76.3882780075,2803.07398701,3058.51572299,1346.57631397
unit.000061,Euclidean_dist_10797_53981,-1754.46813107,77.0440149307,77.2453379631,2805.1786499,3054.70839286,1340.66328406
unit.000062,Euclidean_dist_10797_59379,-1754.46255398,77.2482280731,77.4485399723,2807.88734889,3059.31848693,1346.63245702
unit.000063,Euclidean_dist_10797_64777,-1754.45833492,18.5878100395,18.921900034,769.542348862,1018.46388888,-695.544552088
unit.000064,Euclidean_dist_10797_70175,-1754.45223308,20.8280079365,21.0343749523,898.066019058,1148.71166301,-565.211297989
unit.000065,Euclidean_dist_10797_75573,-1754.38011312,20.4246459007,20.6278140545,786.783475876,1033.71104598,-679.87274003
unit.000066,Euclidean_dist_10797_80971,-1754.37496996,63.4120788574,63.6133420467,2313.1110549,2566.0396769,852.812329054
unit.000067,Euclidean_dist_10797_86369,-1754.37024498,60.6108489037,60.8142790794,2296.19096088,2544.09264708,832.943820953
unit.000068,Euclidean_dist_10797_91767,-1754.36517596,20.2212069035,20.421765089,786.181206942,1042.52745795,-671.613073111
unit.000069,Euclidean_dist_10797_97165,-1754.36077094,19.6084430218,19.8118550777,777.762907028,1029.82488203,-684.16743803
unit.000070,Euclidean_dist_10797_102563,-1754.35578108,21.2345919609,21.4380760193,907.188535929,1160.23335505,-553.866040945
unit.000071,Euclidean_dist_10797_107961,-1754.35131598,21.6411778927,21.8444769382,929.031702042,1191.48762298,-522.642415047
unit.000072,Euclidean_dist_10797_113359,-1754.33257794,21.9023790359,22.0507800579,1018.38118386,1271.22371793,-442.558644056
unit.000073,Euclidean_dist_10797_118757,-1754.32826304,22.0478079319,22.2541320324,1021.28330898,1275.19337106,-438.417546988
unit.000074,Euclidean_dist_10797_124155,-1754.32441592,22.4573180676,22.66061306,1022.58843589,1274.029989,-439.475790024
unit.000075,Euclidean_dist_10797_129553,-1754.31968999,22.8609910011,23.0643630028,1029.80907607,1279.60816789,-434.194787979
unit.000076,Euclidean_dist_10797_134951,-1754.31306601,23.0672478676,23.2677838802,1030.75646186,1298.48564601,-414.529807091
unit.000077,Euclidean_dist_10797_140349,-1754.29315305,23.4709069729,23.6769969463,1033.72290206,1288.76333904,-424.900627136
unit.000078,Euclidean_dist_16195_16195,-1754.28704596,24.0835900307,24.2869958878,1148.71892905,1274.98747897,-438.416604042
unit.000079,Euclidean_dist_16195_21593,-1754.28244495,24.284029007,24.4901900291,1159.54637599,1412.3702929,-301.380935907
unit.000080,Euclidean_dist_16195_26991,-1754.27757907,24.6936399937,24.9476850033,1166.75331998,1429.30677891,-284.682953119
unit.000081,Euclidean_dist_16195_32389,-1754.27244306,25.1001870632,25.3008079529,1270.52873898,1524.36564898,-188.98397398
unit.000082,Euclidean_dist_16195_37787,-1754.26738191,25.303704977,25.5040290356,1271.23116708,1525.96998787,-187.945807934
unit.000083,Euclidean_dist_16195_43185,-1754.26255512,25.7071988583,25.9108409882,1274.99060392,1527.47899294,-186.755049944
unit.000084,Euclidean_dist_16195_48583,-1754.2569201,25.9679880142,26.1169018745,1275.06740999,1533.14592791,-180.615853071
unit.000085,Euclidean_dist_16195_53981,-1754.24307013,26.3170368671,26.520430088,1279.47224593,1537.19842696,-176.470098019
unit.000086,Euclidean_dist_16195_59379,-1754.23771501,26.8088619709,27.012100935,1288.77442193,1538.81257606,-175.434415102
unit.000087,Euclidean_dist_16195_64777,-1754.23310399,28.4972689152,28.7008810043,1310.01269603,1562.35349202,-151.407902002
unit.000088,Euclidean_dist_16195_70175,-1754.22751498,28.7656769753,28.9690959454,1412.38135195,1668.35688996,-45.3908140659
unit.000089,Euclidean_dist_16195_75573,-1754.22267914,29.7107539177,29.9140748978,1427.50921488,1680.05732799,-34.0167739391
unit.000090,Euclidean_dist_16195_80971,-1754.21797514,30.5908398628,30.7943570614,1429.31470203,1691.57813287,-22.6254460812
unit.000091,Euclidean_dist_16195_86369,-1754.21147609,30.8457620144,31.0491309166,1452.05214787,1704.60033798,-9.20530390739
unit.000092,Euclidean_dist_16195_91767,-1754.2055881,31.6665399075,31.8698070049,1525.97709894,1781.23326087,67.5406429768
unit.000093,Euclidean_dist_16195_97165,-1754.198385,33.170331955,33.37383008,1533.09724188,1783.84194589,69.6183240414
unit.000094,Euclidean_dist_16195_102563,-1754.19095111,33.4269108772,33.6303179264,1533.49598098,1784.84556603,70.6749429703
unit.000095,Euclidean_dist_16195_107961,-1754.18616605,34.1799359322,34.4008300304,1534.09850788,1787.35107303,73.8434519768
unit.000096,Euclidean_dist_16195_113359,-1754.17938805,34.6044459343,34.807945013,1537.20562291,1792.07154393,78.0239150524
unit.000097,Euclidean_dist_16195_118757,-1754.17339206,35.4514560699,35.6527569294,1538.81950593,1792.463938,78.1068060398
unit.000098,Euclidean_dist_16195_124155,-1754.16834593,19.4052450657,19.6114220619,775.363962889,1025.08597088,-688.5302701
unit.000099,Euclidean_dist_16195_129553,-1754.16241598,19.8649170399,20.014952898,778.26533699,1032.70805502,-681.007522106
unit.000100,Euclidean_dist_16195_134951,-1754.15756607,37.8834450245,38.0869789124,1691.58543086,1942.52210498,228.608181
unit.000101,Euclidean_dist_16195_140349,-1754.15269804,35.6556420326,35.8558530807,1549.44176888,1804.99538803,91.7556939125
unit.000102,Euclidean_dist_21593_21593,-1754.14838314,37.0765259266,37.2800450325,1675.35774302,1801.7864759,88.57041502
unit.000103,Euclidean_dist_21593_26991,-1754.14253402,38.1706550121,38.3740890026,1704.61116695,1960.15156198,246.360620975
unit.000104,Euclidean_dist_21593_32389,-1754.13783813,38.9425969124,39.1461260319,1776.92794704,2027.36876607,314.066420078
unit.000105,Euclidean_dist_21593_37787,-1754.13307214,39.7354459763,39.9389848709,1783.14918494,2037.59580708,323.530107021
unit.000106,Euclidean_dist_21593_43185,-1754.12900496,40.8039200306,41.0073978901,1783.84909487,2034.28740907,320.387827873
unit.000107,Euclidean_dist_21593_48583,-1754.12327194,41.1086900234,41.3122649193,1784.85243702,2037.85396194,323.553840876
unit.000108,Euclidean_dist_21593_53981,-1754.11777711,42.4715950489,42.6752068996,1792.47410607,2045.22167706,330.886731863
unit.000109,Euclidean_dist_21593_59379,-1754.11152291,43.1428630352,43.3463709354,1801.79744005,2058.84627795,345.23783803
unit.000110,Euclidean_dist_21593_64777,-1754.10579896,46.6566739082,46.8623158932,1805.00581098,2061.35206199,349.987708092
unit.000111,Euclidean_dist_21593_70175,-1754.10003209,47.8100678921,48.0136508942,1929.4066329,2184.05538392,470.198075056
unit.000112,Euclidean_dist_21593_75573,-1754.09403205,48.2822499275,48.4857850075,1933.93576288,2182.89987803,469.118696928
unit.000113,Euclidean_dist_21593_80971,-1754.08882999,48.5839090347,48.7873358727,1942.53305602,2195.77693486,481.73920393
unit.000114,Euclidean_dist_21593_86369,-1754.08329296,49.6938920021,49.8973379135,2027.45376205,2277.52139688,564.001317978
unit.000115,Euclidean_dist_21593_91767,-1754.07886505,50.3928799629,50.5963599682,2032.59199095,2285.13891196,571.267654896
unit.000116,Euclidean_dist_21593_97165,-1754.0740211,50.6489439011,50.8470830917,2034.29312706,2284.13594794,570.23229599
unit.000117,Euclidean_dist_21593_102563,-1754.07018113,51.1912970543,51.394849062,2037.60052991,2292.75487494,578.58196497
unit.000118,Euclidean_dist_21593_107961,-1754.06525111,52.077434063,52.2810058594,2043.41940403,2296.66476107,581.911608934
unit.000119,Euclidean_dist_21593_113359,-1754.05996799,52.4081449509,52.6115829945,2043.82227302,2296.16216803,582.031820059
unit.000120,Euclidean_dist_21593_118757,-1754.05455303,53.0523169041,53.2558469772,2045.23242092,2300.17556095,589.142786026
unit.000121,Euclidean_dist_21593_124155,-1754.04993296,53.3708949089,53.5743739605,2047.43651199,2297.11172295,583.09522295
unit.000122,Euclidean_dist_21593_129553,-1754.04456496,54.1042659283,55.5524909496,2058.85688496,2309.39214993,595.356034994
unit.000123,Euclidean_dist_21593_134951,-1754.03935599,56.061248064,56.2647099495,2072.27849388,2322.71774602,608.908942938
unit.000124,Euclidean_dist_21593_140349,-1754.03430104,56.4594240189,56.6628820896,2182.90295887,2439.90863395,725.83712697
unit.000125,Euclidean_dist_26991_26991,-1754.029881,133.483797073,133.687608004,4192.9433639,4319.26145005,2606.09936309
unit.000126,Euclidean_dist_26991_32389,-1754.02410698,138.780754089,138.984514952,4359.94154286,4618.27432394,2904.993361
unit.000127,Euclidean_dist_26991_37787,-1754.01992893,36.5283839703,36.7316460609,1668.3400209,1929.39581108,216.186712027
unit.000128,Euclidean_dist_26991_43185,-1754.01505613,37.3243129253,37.5278110504,1680.06824994,1933.90627694,220.301153898
unit.000129,Euclidean_dist_26991_48583,-1754.01030803,170.400974035,170.604467869,5331.64592409,5583.69650388,3870.08640909
unit.000130,Euclidean_dist_26991_53981,-1754.00442004,99.8514769077,100.054929972,3280.80728102,3531.55667901,1817.75403786
unit.000131,Euclidean_dist_26991_59379,-1754.00018501,166.397799015,166.593869925,5142.01977491,5394.36550403,3681.01779699
unit.000132,Euclidean_dist_26991_64777,-1753.99474597,101.676780939,101.880218029,3308.55479097,3565.10316586,1854.90150499
unit.000133,Euclidean_dist_26991_70175,-1753.99001694,103.271313906,103.48231101,3327.99333501,3604.48860407,1890.18988609
unit.000134,Euclidean_dist_26991_75573,-1753.98487806,103.519751072,103.723270893,3329.79804301,3600.17682004,1885.96133089
unit.000135,Euclidean_dist_26991_80971,-1753.97942996,180.945574045,181.134888887,5627.67790794,5878.38027406,4166.8985939
unit.000136,Euclidean_dist_26991_86369,-1753.96670794,104.887754917,105.091258049,3336.11229086,3588.74622798,1874.52380395
unit.000137,Euclidean_dist_26991_91767,-1753.96081996,105.927526951,106.130985975,3427.86334491,3690.73604298,1976.93496895
unit.000138,Euclidean_dist_26991_97165,-1753.95527601,106.857949972,107.061645031,3440.58968091,3691.83999109,1978.09301186
unit.000139,Euclidean_dist_26991_102563,-1753.9497931,108.20213294,108.405611038,3550.78414798,3808.14612508,2094.55029392
unit.000140,Euclidean_dist_26991_107961,-1753.9441731,109.217653036,109.421098948,3561.20241189,3813.75795007,2099.33171296
unit.000141,Euclidean_dist_26991_113359,-1753.93975091,18.7991309166,18.9988539219,770.945867062,1021.27603698,-692.812523127
unit.000142,Euclidean_dist_26991_118757,-1753.93481708,20.6248400211,20.913120985,796.301492929,1056.35349894,-657.175591946
unit.000143,Euclidean_dist_26991_124155,-1753.92915797,22.6576459408,22.9144148827,1024.99798107,1279.34586501,-434.19581604
unit.000144,Euclidean_dist_26991_129553,-1753.92241812,24.8938028812,25.0973029137,1191.4954989,1452.04490495,-262.032423973
unit.000145,Euclidean_dist_26991_134951,-1753.91684794,32.6178500652,32.8212080002,1532.89176106,1783.5400629,69.604434967
unit.000146,Euclidean_dist_26991_140349,-1753.911798,114.423588991,114.627089977,3691.84661603,3946.41517401,2232.58983803
unit.000147,Euclidean_dist_32389_32389,-1753.90541291,116.610924959,116.874547958,3808.15328908,3933.77004004,2220.08261991
unit.000148,Euclidean_dist_32389_37787,-1753.85476398,39.2199070454,39.4232580662,1781.24419093,2032.58153796,319.333873034
unit.000149,Euclidean_dist_32389_43185,-1753.850703,119.268476009,119.471970081,3829.79801702,4083.738554,2369.70931506
unit.000150,Euclidean_dist_32389_48583,-1753.84467196,65.4758989811,65.6793000698,2464.06199503,2722.71842098,1009.43122602
unit.000151,Euclidean_dist_32389_53981,-1753.83999109,97.8164629936,98.0692880154,3092.79120088,3346.92431498,1632.91309595
unit.000152,Euclidean_dist_32389_59379,-1753.83520293,121.578896046,121.782259941,3933.77723193,4188.22570205,2474.64699793
unit.000153,Euclidean_dist_32389_64777,-1753.83021402,119.585412979,119.78888607,3848.732692,4104.274786,2390.07965708
unit.000154,Euclidean_dist_32389_70175,-1753.82480097,124.268202066,124.471790075,4034.15094399,4286.90881991,2573.14134693
unit.000155,Euclidean_dist_32389_75573,-1753.80021405,125.29666996,125.500096083,4065.00352287,4319.66344094,2606.09830189
unit.000156,Euclidean_dist_32389_80971,-1753.79440308,126.167219877,126.370576859,4071.72522902,4326.834059,2612.37200689
unit.000157,Euclidean_dist_32389_86369,-1753.78480196,130.657448053,130.860980988,4112.59733891,4369.85290194,2656.36543202
unit.000158,Euclidean_dist_32389_91767,-1753.78056693,130.913685083,131.116958857,4115.10247588,4371.55820704,2657.42877698
unit.000159,Euclidean_dist_32389_97165,-1753.77467012,87.2024300098,87.4058659077,2957.47776008,3208.87534809,1495.07315588
unit.000160,Euclidean_dist_32389_102563,-1753.77017713,91.8835830688,92.1367368698,3047.40475488,3302.7368269,1591.20703506
unit.000161,Euclidean_dist_32389_107961,-1753.75335503,93.6861250401,93.8873860836,3054.71546602,3308.54752898,1594.35593796
unit.000162,Euclidean_dist_32389_113359,-1753.74872494,118.620258093,118.823766947,3818.578794,4071.71800089,2357.14021802
unit.000163,Euclidean_dist_32389_118757,-1753.74363995,162.799954891,163.003515005,5083.40846109,5339.45455694,3625.69439507
unit.000164,Euclidean_dist_32389_124155,-1753.73912191,178.096711874,178.300246,5583.70362091,5840.92518306,4127.2409389
unit.000165,Euclidean_dist_32389_129553,-1753.73410392,140.195528984,140.329981089,4371.56518388,4621.9830029,2910.81361794
unit.000166,Euclidean_dist_32389_134951,-1753.72855401,23.9306218624,24.0807089806,1056.36479807,1310.0053339,-403.23133111
unit.000167,Euclidean_dist_32389_140349,-1753.72312713,41.6613349915,41.8648850918,1787.36160302,2047.42676902,333.955053091
unit.000168,Euclidean_dist_37787_37787,-1753.67811704,143.83265686,144.036011934,4539.24989009,4667.96929693,2954.35717392
unit.000169,Euclidean_dist_37787_43185,-1753.67155814,178.847616911,179.05112195,5590.44079709,5841.32650208,4127.24836397
unit.000170,Euclidean_dist_37787_48583,-1753.66622305,117.524143934,117.72764802,3813.76517606,4065.01295495,2350.88977289
unit.000171,Euclidean_dist_37787_53981,-1753.66069794,144.455625057,144.659123898,4576.51023293,4828.68492389,3114.93986988
unit.000172,Euclidean_dist_37787_59379,-1753.65621495,149.245878935,149.449398041,4699.83195901,4950.67296886,3237.21760297
unit.000173,Euclidean_dist_37787_64777,-1753.6516571,156.944477081,157.110028982,4950.6802299,5204.11858702,3490.74244905
unit.000174,Euclidean_dist_37787_70175,-1753.64647102,58.4400908947,58.6435499191,2277.52844596,2527.1587739,813.789246082
unit.000175,Euclidean_dist_37787_75573,-1753.64256191,60.3633289337,60.5668759346,2292.76217008,2549.30404186,836.077118874
unit.000176,Euclidean_dist_37787_80971,-1753.63877296,173.979737997,174.183345079,5386.36907101,5637.19972396,3923.63344908
unit.000177,Euclidean_dist_37787_86369,-1753.63342404,157.900301933,158.103796959,4968.21421409,5222.44913197,3508.29616404
unit.000178,Euclidean_dist_37787_91767,-1753.62906694,31.4178540707,31.6213099957,1524.37300992,1776.92059302,63.2823588848
unit.000179,Euclidean_dist_37787_97165,-1753.62429094,174.845278025,175.048896074,5394.37263203,5651.62261796,3938.04364491
unit.000180,Euclidean_dist_37787_102563,-1753.61257195,158.448996067,158.652591944,5002.47395301,5254.75594187,3541.16856003
unit.000181,Euclidean_dist_37787_107961,-1746.0082891,176.677946091,176.881474972,5508.77434802,5773.32214808,4060.04635692
unit.000182,Euclidean_dist_37787_113359,-1745.99917793,15.2517709732,15.4579398632,521.207676888,777.82799387,-935.806596994
unit.000183,Euclidean_dist_37787_118757,-1745.99383593,18.3845789433,18.5849220753,766.685783863,1022.58113694,-691.641078949
unit.000184,Euclidean_dist_37787_124155,-1745.98813009,166.136719942,166.340287924,5134.91318202,5386.73309803,3672.70827508
unit.000185,Euclidean_dist_37787_129553,-1745.97907901,22.2511658669,22.4544389248,1021.98590899,1270.52129698,-443.632949114
unit.000186,Euclidean_dist_37787_134951,-1745.97188711,24.4872238636,24.6907560825,1160.24070692,1413.73495197,-300.325969934
unit.000187,Euclidean_dist_37787_140349,-1745.89109707,26.5605480671,26.7640528679,1283.26012897,1534.0914259,-179.515912056
unit.000188,Euclidean_dist_43185_43185,-1745.86795712,6.87811994553,7.08490085602,7.28462004662,136.814543962,-1576.55084014
unit.000189,Euclidean_dist_43185_48583,-1745.86276698,7.08191895485,7.28759789467,7.48818707466,262.246315956,-1450.60632491
unit.000190,Euclidean_dist_43185_53981,-1745.85280609,7.491065979,7.69480705261,7.89538192749,260.243021965,-1452.66433907
unit.000191,Euclidean_dist_43185_59379,-1745.84803796,7.90972304344,8.11209487915,8.31249690056,257.732413054,-1455.55671501
unit.000192,Euclidean_dist_43185_64777,-1745.83914709,8.11495399475,8.3154668808,8.51636505127,258.234484911,-1455.41038013
unit.000193,Euclidean_dist_43185_70175,-1745.83656502,8.72276496887,8.92703390121,9.12741303444,265.931773901,-1445.78982902
unit.000194,Euclidean_dist_43185_75573,-1745.83268499,9.1332859993,9.33426690102,9.53485989571,266.200870991,-1445.77997112
unit.000195,Euclidean_dist_43185_80971,-1745.82791209,9.33716487885,9.53784799576,9.7388780117,265.317090034,-1448.52797198
unit.000196,Euclidean_dist_43185_86369,-1745.82295299,9.74199199677,9.94885993004,10.1467559338,268.774237871,-1444.52335
unit.000197,Euclidean_dist_43185_91767,-1745.81972408,10.1529579163,10.3546159267,135.824990988,389.265984058,-1323.96086097
unit.000198,Euclidean_dist_43185_97165,-1745.81589603,9.94583797455,10.1500279903,132.91505909,391.471345901,-1321.87970614
unit.000199,Euclidean_dist_43185_102563,-1745.81210613,10.3515799046,10.5590369701,136.821882963,394.478085995,-1318.73818898
unit.000200,Euclidean_dist_43185_107961,-1745.80988693,10.9718289375,11.1792829037,260.252369881,521.195371866,-1192.23485303
unit.000201,Euclidean_dist_43185_113359,-1745.80460191,11.1762568951,11.3861250877,260.365969896,515.076714993,-1198.56114793
unit.000202,Euclidean_dist_43185_118757,-1745.80219603,11.7945790291,11.99512887,265.08997488,539.631345987,-1174.42643094
unit.000203,Euclidean_dist_43185_124155,-1745.79986596,11.9980130196,12.1983730793,265.268311024,516.181916952,-1198.43021011
unit.000204,Euclidean_dist_43185_129553,-1745.79716992,180.682118893,180.885699034,5604.44523191,5854.44576788,4140.67050505
unit.000205,Euclidean_dist_43185_134951,-1745.79303694,175.780229092,175.983937025,5454.57825398,5705.71415997,3991.83446789
unit.000206,Euclidean_dist_43185_140349,-1745.78895497,12.8152279854,13.0185749531,266.476005077,517.387796879,-1197.41395497
unit.000207,Euclidean_dist_48583_48583,-1745.78477311,12.4045100212,12.6981549263,265.876498938,394.77997303,-1318.71912909
unit.000208,Euclidean_dist_48583_53981,-1745.77854395,12.7010610104,12.8123500347,265.999692917,522.611026049,-1191.15845299
unit.000209,Euclidean_dist_48583_59379,-1745.77467513,13.221875906,13.4223320484,389.277842999,667.461194992,-1046.66726112
unit.000210,Euclidean_dist_48583_64777,-1745.76216006,14.2352659702,14.4416279793,515.088809967,769.535307884,-944.316741943
unit.000211,Euclidean_dist_48583_70175,-1745.75835705,14.6978979111,14.8451099396,517.401859999,770.938732862,-943.269558907
unit.000212,Euclidean_dist_48583_75573,-1745.75572109,14.8479828835,15.0513279438,517.519145012,771.942990065,-942.137402058
unit.000213,Euclidean_dist_48583_80971,-1745.75093102,15.0483629704,15.2547500134,519.197848082,775.350220919,-937.889111042
unit.000214,Euclidean_dist_48583_86369,-1745.74675012,15.4549679756,15.6582810879,522.606749058,778.25831008,-935.805061102
unit.000215,Euclidean_dist_48583_91767,-1745.74417496,16.9612100124,17.1617438793,531.324805021,786.776282072,-927.483874083
unit.000216,Euclidean_dist_48583_97165,-1745.74198604,17.1646249294,17.3677868843,539.638383865,786.22894907,-927.470885992
unit.000217,Euclidean_dist_48583_102563,-1745.73973393,17.5715410709,17.836286068,649.431236029,907.176907063,-806.54324007
unit.000218,Euclidean_dist_48583_107961,-1745.73582602,17.8332948685,17.9751119614,653.960993052,902.06913805,-811.740484953
unit.000219,Euclidean_dist_48583_113359,-1745.73160005,18.178413868,18.3816950321,667.473170042,929.020102024,-784.669062138
unit.000220,Euclidean_dist_48583_118757,-1745.72924399,130.104712963,130.308137894,4104.282619,4359.93378806,2646.11413193
unit.000221,Euclidean_dist_48583_124155,-1745.72705507,86.1343929768,86.3381409645,2831.04514408,3092.78425288,1379.08791709
unit.000222,Euclidean_dist_48583_129553,-1745.72486091,131.973599911,132.177087069,4120.33540297,4375.46627593,2661.52561307
unit.000223,Euclidean_dist_48583_134951,-1745.72270298,70.454102993,70.6479899883,2556.52885294,2811.98518801,1098.26413107
unit.000224,Euclidean_dist_48583_140349,-1745.72000408,93.9397919178,94.0905780792,3058.52289605,3310.15129805,1595.52470493
unit.000225,Euclidean_dist_53981_53981,-1745.71784806,135.958286047,136.161448956,4319.26862288,4456.50016499,2742.65503097
unit.000226,Euclidean_dist_53981_59379,-1745.71562004,102.59266305,102.796066999,3316.37237406,3580.43053102,1866.29472804
unit.000227,Euclidean_dist_53981_64777,-1745.71339297,107.880873919,108.084323883,3531.55976892,3780.10034609,2066.61331987
unit.000228,Euclidean_dist_53981_70175,-1745.70703197,141.024401903,141.231055021,4444.95679188,4700.12521601,2985.69569802
unit.000229,Euclidean_dist_53981_75573,-1745.70456195,21.0313990116,21.2375669479,902.078194857,1159.54328299,-553.891621113
unit.000230,Euclidean_dist_53981_80971,-1745.70220613,142.87738204,143.080899954,4492.57070088,4745.94218588,3032.49137402
unit.000231,Euclidean_dist_53981_86369,-1745.69912791,137.068778992,137.27303195,4325.48162007,4582.91523886,2869.45063806
unit.000232,Euclidean_dist_53981_91767,-1745.69489002,14.0351400375,14.2382330894,514.586574078,771.540920019,-942.220112085
unit.000233,Euclidean_dist_53981_97165,-1745.68999314,13.6254398823,13.8316550255,394.489814043,649.424100876,-1063.94822192
unit.000234,Euclidean_dist_53981_102563,-1745.68630195,171.436639071,171.640093088,5341.66771603,5604.43824697,3890.68081689
unit.000235,Euclidean_dist_53981_107961,-1745.67982602,152.009968996,152.213568926,4828.65821409,5083.40137887,3368.79888105
unit.000236,Euclidean_dist_53981_113359,-1745.67464113,147.60146594,147.805080891,4624.69757104,4884.45858002,3170.81182003
unit.000237,Euclidean_dist_53981_118757,-1745.67149806,151.298697948,151.502096891,4762.35106492,5016.79212809,3302.60816407
unit.000238,Euclidean_dist_53981_124155,-1745.66782808,175.111949921,175.315567017,5430.53824997,5683.89397907,3970.11150908
unit.000239,Euclidean_dist_53981_129553,-1745.66552901,154.058523893,154.262155056,4872.44199395,5123.4760139,3410.07751703
unit.000240,Euclidean_dist_53981_134951,-1745.66320395,154.865558863,155.060375929,4880.65513587,5142.01247191,3428.71080089
unit.000241,Euclidean_dist_53981_140349,-1745.66094303,7.29049086571,7.49403905869,7.69184398651,262.748534918,-1450.55493593
unit.000242,Euclidean_dist_59379_59379,-1745.65863395,157.624450922,157.827982903,4966.3096199,5093.12086487,3380.01457191
unit.000243,Euclidean_dist_59379_64777,-1745.6530931,11.3831100464,11.5905048847,262.299375057,514.574425936,-1198.55573106
unit.000244,Euclidean_dist_59379_70175,-1745.64919114,13.015611887,13.2190010548,268.799783945,522.881145954,-1191.14850211
unit.000245,Euclidean_dist_59379_75573,-1745.64459896,163.727855921,163.93137908,5093.17296195,5346.0700779,3631.52621508
unit.000246,Euclidean_dist_59379_80971,-1745.64215493,164.567352057,164.771111965,5095.93762207,5349.47731686,3635.79330802
unit.000247,Euclidean_dist_59379_86369,-1745.63977909,20.017829895,20.2183260918,779.368489027,1030.70313001,-683.068427086
unit.000248,Euclidean_dist_59379_91767,-1745.6363821,167.452112913,167.65574789,5170.76929307,5430.53127098,3716.35334802
unit.000249,Euclidean_dist_59379_97165,-1745.632658,168.501314878,168.704843998,5222.45629001,5476.01074791,3762.09725809
unit.000250,Euclidean_dist_59379_102563,-1745.63009,170.127580881,170.33118391,5271.94084191,5526.59939909,3812.82040095
unit.000251,Euclidean_dist_59379_107961,-1745.62774205,78.1211700439,78.3245060444,2819.616503,3069.63838196,1356.13612509
unit.000252,Euclidean_dist_59379_113359,-1745.62552714,78.6731510162,78.8766129017,2821.52293205,3076.55392694,1362.33883405
unit.000253,Euclidean_dist_59379_118757,-1745.62310314,131.666490078,131.870049,4118.31752396,4367.64757705,2654.3046689
unit.000254,Euclidean_dist_59379_124155,-1745.61701298,132.466938019,132.670464039,4188.23281503,4444.91976309,2732.6216979
unit.000255,Euclidean_dist_59379_129553,-1745.61155796,132.729170084,132.932715893,4188.53443599,4446.58400202,2732.61891699
unit.000256,Euclidean_dist_59379_134951,-1745.60898995,135.556472063,135.821899891,4286.9160409,4539.24131989,2828.03761101
unit.000257,Euclidean_dist_59379_140349,-1745.60484314,137.496886015,137.70195508,4326.78514099,4581.01098204,2867.39200902
unit.000258,Euclidean_dist_64777_64777,-1745.60098791,27.3725049496,27.5760030746,1296.60992503,1427.50186896,-285.772201061
unit.000259,Euclidean_dist_64777_70175,-1745.59851003,77.8719069958,78.0753269196,2811.99232292,3066.53142786,1353.06998992
unit.000260,Euclidean_dist_64777_75573,-1745.59608197,145.611579895,145.8150599,4592.44026804,4843.583812,3129.38668704
unit.000261,Euclidean_dist_64777_80971,-1745.59391499,139.148266077,139.351686954,4367.65620995,4624.68925095,2910.78328586
unit.000262,Euclidean_dist_64777_86369,-1745.59139204,140.770375967,140.973975897,4375.47329807,4637.51622605,2923.36245108
unit.000263,Euclidean_dist_64777_91767,-1745.58785391,148.085705996,148.289241076,4637.52454901,4886.26349807,3171.86707687
unit.000264,Euclidean_dist_64777_97165,-1745.585428,141.695180893,141.898838997,4446.59232402,4699.82355809,2985.73037291
unit.000265,Euclidean_dist_64777_102563,-1745.58264709,155.104758024,155.308320045,4884.46572304,5134.95401597,3421.54327798
unit.000266,Euclidean_dist_64777_107961,-1745.57978892,148.483138084,148.686685085,4667.97756505,4921.12262297,3206.99382591
unit.000267,Euclidean_dist_64777_113359,-1745.5763731,150.130733013,150.334287882,4712.55683804,4966.30240798,3252.81129289
unit.000268,Euclidean_dist_64777_118757,-1745.57288194,151.01137495,151.215043068,4745.92089391,5002.46656704,3289.20992708
unit.000269,Euclidean_dist_64777_124155,-1745.56986213,152.328577042,152.532069921,4833.66703296,5091.11623406,3380.02692699
unit.000270,Euclidean_dist_64777_129553,-1745.56760097,153.358165026,153.561774969,4843.59068108,5094.48690796,3380.07940006
unit.000271,Euclidean_dist_64777_134951,-1745.56441593,180.128848076,180.332098961,5604.043185,5855.04724288,4140.66285896
unit.000272,Euclidean_dist_64777_140349,-1745.56206608,182.006814003,182.210094929,5648.72635889,5898.80808401,4185.30823207
unit.000273,Euclidean_dist_70175_70175,-1745.55970502,157.189223051,157.392654896,4953.19357204,5082.69867897,3368.8013339
unit.000274,Euclidean_dist_70175_75573,-1745.55735707,26.113929987,26.3200008869,1279.35493588,1532.88513899,-180.596426964
unit.000275,Euclidean_dist_70175_80971,-1745.55486107,12.2012550831,12.4016258717,265.674871922,544.303233862,-1169.46227598
unit.000276,Euclidean_dist_70175_86369,-1745.548944,14.4386608601,14.641972065,516.187268972,766.629184961,-947.395149946
unit.000277,Euclidean_dist_70175_91767,-1745.54657412,17.3648228645,17.568655014,544.247577906,796.294266939,-917.092906952
unit.000278,Euclidean_dist_70175_97165,-1745.54428196,165.436933041,165.640450954,5131.30028892,5386.34864306,3672.67952108
unit.000279,Euclidean_dist_70175_102563,-1745.5420351,21.4409589767,21.6441540718,918.109044075,1166.74612188,-546.638952971
unit.000280,Euclidean_dist_70175_107961,-1745.53983307,168.238945007,168.456222057,5204.12613988,5454.57116199,3741.11167908
unit.000281,Euclidean_dist_70175_113359,-1745.53679109,25.506911993,25.7101750374,1274.03733492,1533.48857808,-180.639295101
unit.000282,Euclidean_dist_70175_118757,-1745.53460813,171.080296993,171.283899069,5339.48374295,5590.409235,3876.25426006
unit.000283,Euclidean_dist_70175_124155,-1745.53206301,96.0496900082,96.253123045,3076.55857086,3329.78874707,1614.85655499
unit.000284,Euclidean_dist_70175_129553,-1745.52985096,97.0966739655,97.3000779152,3082.60431409,3334.60897493,1620.47727108
unit.000285,Euclidean_dist_70175_134951,-1745.52755308,98.1182658672,98.3218069077,3174.222368,3427.85963488,1714.24745607
unit.000286,Euclidean_dist_70175_140349,-1745.52456403,61.3114168644,61.514909029,2296.67484999,2550.50838995,837.18533206
unit.000287,Euclidean_dist_75573_75573,-1745.52218294,98.788435936,98.992016077,3208.88508391,3336.10555696,1621.53002596
unit.000288,Euclidean_dist_75573_80971,-1745.51987696,142.549252033,142.752956867,4466.22506189,4718.06202507,3004.68642902
unit.000289,Euclidean_dist_75573_86369,-1745.51763701,129.856091976,130.05981493,4083.75037003,4339.09937906,2625.80159903
unit.000290,Euclidean_dist_75573_91767,-1745.51270294,104.089902878,104.293315887,3332.50451589,3598.46559286,1884.91702986
unit.000291,Euclidean_dist_75573_97165,-1745.51038313,100.403867006,100.607481956,3301.54189205,3559.29054189,1845.090832
unit.000292,Euclidean_dist_75573_102563,-1745.50796008,7.69769406319,7.9068300724,8.10912489891,265.053850889,-1448.57939696
unit.000293,Euclidean_dist_75573_107961,-1745.50572395,104.340933084,104.544422865,3334.61215591,3604.08640599,1890.19980192
unit.000294,Euclidean_dist_75573_113359,-1745.50340009,8.92992091179,9.13039708138,9.33128094673,260.513665915,-1452.66045594
unit.000295,Euclidean_dist_75573_118757,-1745.50042605,106.247123957,106.450603008,3427.982234,3684.42332888,1970.37017798
unit.000296,Euclidean_dist_75573_124155,-1745.49822593,107.172220945,107.375742912,3493.68365288,3746.94399691,2033.50998092
unit.000297,Euclidean_dist_75573_129553,-1745.49582195,108.941951036,109.145578861,3559.29774308,3813.35594797,2099.32868004
unit.000298,Euclidean_dist_75573_134951,-1745.49257612,109.779264927,109.982764006,3565.11033487,3815.41832304,2101.40090704
unit.000299,Euclidean_dist_75573_140349,-1745.49038291,110.712949991,110.917636871,3588.75339603,3849.12720609,2135.43696094
unit.000300,Euclidean_dist_80971_80971,-1745.48753691,111.672589064,111.876044035,3598.77537394,3725.89776802,2011.719908
unit.000301,Euclidean_dist_80971_86369,-1745.48439598,112.704833031,112.90831089,3604.09357691,3861.15072799,2147.01388502
unit.000302,Euclidean_dist_80971_91767,-1745.48059297,113.544429064,113.748059988,3684.43048787,3936.97655201,2223.227072
unit.000303,Euclidean_dist_80971_97165,-1745.47602201,114.764466047,114.943831921,3725.90482903,3978.74980593,2264.91756606
unit.000304,Euclidean_dist_80971_102563,-1745.47380805,115.638803959,115.84225297,3746.95115495,3997.78481293,2283.59848309
unit.000305,Euclidean_dist_80971_107961,-1745.47157311,117.266512871,117.470113993,3813.36323094,4062.49023294,2348.78912997
unit.000306,Euclidean_dist_80971_113359,-1745.46926403,42.2108490467,42.4145019054,1792.07463002,2043.81156993,329.766665936
unit.000307,Euclidean_dist_80971_118757,-1745.46366596,49.3934249878,49.6687479019,1960.15882993,2213.209306,499.248064041
unit.000308,Euclidean_dist_80971_124155,-1745.46038795,120.797914982,121.001247883,3857.84968805,4112.58970499,2398.52308202
unit.000309,Euclidean_dist_80971_129553,-1745.45621705,122.136493921,122.340010881,3936.98366499,4192.93638706,2478.76603198
unit.000310,Euclidean_dist_80971_134951,-1745.45159292,122.952265024,123.155716896,3978.75874591,4235.09494591,2521.56807494
unit.000311,Euclidean_dist_80971_140349,-1745.44689202,123.994459867,124.19808197,3997.79190803,4254.3520999,2540.27363491
unit.000312,Euclidean_dist_86369_86369,-1745.43749404,124.852272987,125.055741072,4062.49910498,4188.52744293,2474.65083599
unit.000313,Euclidean_dist_86369_91767,-1745.43459296,125.884924889,126.088439941,4071.22297502,4325.47444296,2611.35943294
unit.000314,Euclidean_dist_86369_97165,-1745.43220997,94.9875268936,95.1509869099,3066.53851295,3316.36279702,1602.45827007
unit.000315,Euclidean_dist_86369_102563,-1745.42973113,95.7374930382,95.9410049915,3069.64539504,3327.98373199,1613.78224587
unit.000316,Euclidean_dist_86369_107961,-1745.42728496,149.612763882,149.780582905,4700.13236403,4953.26210594,3239.27215099
unit.000317,Euclidean_dist_86369_113359,-1745.42426491,141.951565027,142.196342945,4456.51384997,4712.549716,2998.485641
unit.000318,Euclidean_dist_86369_118757,-1745.42188191,98.5402169228,98.7437498569,3185.94686604,3440.58256602,1726.79899287
unit.000319,Euclidean_dist_86369_124155,-1745.4195981,101.308860064,101.512373924,3302.74383688,3550.77551389,1837.17348289
unit.000320,Euclidean_dist_86369_129553,-1745.41722393,174.294924021,174.498450041,5386.65769792,5648.72326398,3938.04576588
unit.000321,Euclidean_dist_86369_134951,-1745.41279793,99.6036989689,99.8071169853,3228.51799297,3493.71789789,1779.55212498
unit.000322,Euclidean_dist_86369_140349,-1745.40992713,102.332745075,102.506749868,3310.15845609,3561.19558096,1854.90941
unit.000323,Euclidean_dist_91767_91767,-1745.40617299,181.661983967,181.865527868,5637.20281601,5764.30672598,4050.77005792
unit.000324,Euclidean_dist_91767_97165,-1745.40065312,105.14279604,105.346291065,3346.93141198,3598.76507497,1884.92337298
unit.000325,Euclidean_dist_91767_102563,-1745.39727807,172.065001965,172.268568993,5345.67530394,5604.037817,3890.68369293
unit.000326,Euclidean_dist_91767_107961,-1745.39424992,182.552073002,182.755465031,5651.62966394,5909.72646904,4195.67494607
unit.000327,Euclidean_dist_91767_113359,-1745.39178395,11.5874819756,11.7916650772,262.755776882,519.190732002,-1195.30993509
unit.000328,Euclidean_dist_91767_118757,-1745.38900495,13.8286778927,14.0322508812,394.791452885,653.933265924,-1059.85646009
unit.000329,Euclidean_dist_91767_124155,-1745.38523006,15.7219119072,16.9583339691,522.731021881,779.361275911,-934.76888895
unit.000330,Euclidean_dist_91767_129553,-1745.38100314,110.054247856,110.257716894,3580.43770695,3829.84393597,2115.85560989
unit.000331,Euclidean_dist_91767_134951,-1745.37680507,111.01580286,111.219309092,3598.47164392,3848.72539091,2135.47577906
unit.000332,Euclidean_dist_91767_140349,-1745.37329102,111.962432861,112.165874958,3600.18378186,3857.84257293,2143.74975801
unit.000333,Euclidean_dist_97165_97165,-1745.36933303,112.953444004,113.157011032,3604.495996,3731.81714702,2019.12354302
unit.000334,Euclidean_dist_97165_102563,-1745.36099005,27.771586895,27.9750108719,1298.49271989,1549.43149805,-164.12084198
unit.000335,Euclidean_dist_97165_107961,-1745.35869813,115.339185953,115.542665958,3731.8243649,3988.96842909,2275.16785693
unit.000336,Euclidean_dist_97165_113359,-1745.35490704,36.2788989544,36.4823300838,1562.36373687,1819.57214689,105.748557091
unit.000337,Euclidean_dist_97165_118757,-1745.35184598,118.371562958,118.575236082,3815.42146087,4071.21575904,2357.04306293
unit.000338,Euclidean_dist_97165_124155,-1745.345119,47.3596689701,47.5633459091,1819.53110194,2072.27222896,358.221534014
unit.000339,Euclidean_dist_97165_129553,-1745.34246802,120.476945877,120.680574894,3849.13453698,4118.31440687,2404.52783704
unit.000340,Euclidean_dist_97165_134951,-1745.3395381,55.5553760529,55.7556068897,2061.35931587,2313.10008287,599.523894072
unit.000341,Euclidean_dist_97165_140349,-1745.33699894,122.389453888,122.592900038,3946.41830301,4202.85531497,2489.39046407
unit.000342,Euclidean_dist_102563_102563,-1745.33422494,123.309911013,123.513362885,3988.97762108,4115.0953989,2403.49615002
unit.000343,Euclidean_dist_102563_107961,-1745.33174205,51.4462659359,51.6622409821,2037.72236896,2287.24450302,573.443759918
unit.000344,Euclidean_dist_102563_113359,-1745.329494,71.6495759487,71.8528769016,2573.97152209,2831.10284686,1117.01400709
unit.000345,Euclidean_dist_102563_118757,-1745.3272171,74.9358000755,75.1370220184,2796.15867591,3049.49844098,1335.3806479
unit.000346,Euclidean_dist_102563_124155,-1745.32472396,93.0696070194,93.2728850842,3049.50832486,3301.53230906,1587.73664689
unit.000347,Euclidean_dist_102563_129553,-1745.32153201,88.0335419178,88.2500879765,3034.17761207,3280.79768586,1567.14054799
unit.000348,Euclidean_dist_102563_134951,-1745.31696606,173.39281702,173.596281052,5374.13499999,5627.57715106,3914.33462095
unit.000349,Euclidean_dist_102563_140349,-1745.31092,156.088058949,156.291586876,4921.12970996,5170.76198196,3456.65450907
unit.000350,Euclidean_dist_107961_107961,-1745.30535412,94.4917578697,94.6952860355,3059.32553196,3185.93703604,1472.62173104
unit.000351,Euclidean_dist_107961_113359,-1745.30073404,23.6740279198,23.8775298595,1042.53884292,1296.57785892,-416.604814053
unit.000352,Euclidean_dist_107961_118757,-1745.29556894,13.4252140522,13.6798090935,391.484217882,664.353647947,-1049.76149607
unit.000353,Euclidean_dist_107961_124155,-1745.29331112,10.7592859268,10.9671430588,258.24642396,531.317643881,-1182.73068094
unit.000354,Euclidean_dist_107961_129553,-1745.29102993,179.86280489,180.066376925,5601.93826008,5857.85183191,4143.80572796
unit.000355,Euclidean_dist_107961_134951,-1745.28857207,65.2018010616,65.4365868568,2452.53847694,2705.28874898,991.188656092
unit.000356,Euclidean_dist_107961_140349,-1745.28516507,136.546478987,136.825254917,4319.67199302,4576.50189209,2863.20935988
unit.000357,Euclidean_dist_113359_113359,-1745.28273606,113.793312073,113.996779919,3690.74305487,3818.57177305,2104.51255703
unit.000358,Euclidean_dist_113359_118757,-1745.28047013,8.31834697723,8.51936388016,8.71984791756,266.468710899,-1445.8238461
unit.000359,Euclidean_dist_113359_124155,-1745.27829003,176.999377966,177.202898026,5516.78944206,5770.71760988,4056.90482402
unit.000360,Euclidean_dist_113359_129553,-1745.27569199,158.705947876,158.909456968,5016.79958987,5271.53174806,3557.62054706
unit.000361,Euclidean_dist_113359_134951,-1745.27140999,169.229367018,169.433019876,5254.71061087,5508.76744795,3794.99517488
unit.000362,Euclidean_dist_113359_140349,-1745.26919293,173.114784956,173.318418026,5349.51077294,5601.93109989,3888.62773108
unit.000363,Euclidean_dist_118757_118757,-1745.26686597,92.7798490524,92.9834508896,3049.10611391,3174.21540189,1460.31772089
unit.000364,Euclidean_dist_118757_124155,-1745.26329613,116.298884869,116.502346992,3780.11179304,4034.14382505,2320.84182692
unit.000365,Euclidean_dist_118757_129553,-1745.25545311,179.115947008,179.319627047,5600.93537807,5866.16348004,4152.06114006
unit.000366,Euclidean_dist_118757_134951,-1745.252249,176.071349859,176.274884939,5476.01787305,5742.67196703,4029.17371392
unit.000367,Euclidean_dist_118757_140349,-1745.24925804,61.5595018864,61.7629289627,2297.11498094,2554.61691403,841.346554041
unit.000368,Euclidean_dist_124155_124155,-1745.24590492,9.54073500633,9.74540901184,9.94285798073,135.811285973,-1577.67267895
unit.000369,Euclidean_dist_124155_129553,-1745.24352694,40.3185520172,40.5220758915,1783.54757404,2043.40948701,329.749595881
unit.000370,Euclidean_dist_124155_134951,-1745.24131012,63.6162219048,63.8165690899,2322.72725487,2573.96457791,860.111183882
unit.000371,Euclidean_dist_124155_140349,-1745.23651099,79.0733170509,79.2767419815,2828.63677287,3082.46671796,1368.63344908
unit.000372,Euclidean_dist_129553_129553,-1745.23417401,100.73321104,100.936655998,3302.04141998,3428.12735891,1714.32470989
unit.000373,Euclidean_dist_129553_134951,-1745.2297411,134.567990065,134.772765875,4235.02561092,4492.56351209,2778.49959993
unit.000374,Euclidean_dist_129553_140349,-1745.22729492,172.45678997,172.660399914,5346.07743907,5600.9283309,3887.59081602
unit.000375,Euclidean_dist_134951_134951,-1745.22441196,6.67303395271,6.88111686707,7.08799505234,133.003620863,-1580.83069396
unit.000376,Euclidean_dist_134951_140349,-1745.22215199,17.9779930115,18.1813979149,664.360666037,918.097460985,-796.09453392
unit.000377,Euclidean_dist_140349_140349,-1745.21930909,19.0017409325,19.2020559311,771.625273943,898.058547974,-815.668267965
unit.000378,ConnComp,4197.80608988,5921.12744904,5921.72160792,5922.13062,6044.93893504,4334.050982
